longitude,latitude,Altitude,UTC,Callsign,true_airspeed,Timestamp,Direction,nautical_miles
12.24128708,41.79474499,0.0,2024-10-25T08:52:00Z,EY86,,1729846320,0.0,0.0
12.24127498,41.79472616,0.0,2024-10-25T08:53:00Z,EY86,,1729846380,205.597965417138,0.001253066940780883
12.24126301,41.79470752,0.0,2024-10-25T08:54:00Z,EY86,,1729846440,205.58323145277612,0.002493336392956725
12.24125108,41.79468894,0.0,2024-10-25T08:55:00Z,EY86,,1729846500,205.58048853032255,0.0037295850526152695
12.24123915,41.79467036,0.0,2024-10-25T08:56:00Z,EY86,,1729846560,205.58049501037868,0.004965833775815096
12.24122714,41.79465166,0.0,2024-10-25T08:57:00Z,EY86,,1729846620,205.58598251770442,0.006210124280170603
12.24121508,41.79463288,0.0,2024-10-25T08:58:00Z,EY86,,1729846680,205.58343613307227,0.007459711196626783
12.24120315,41.7946143,0.0,2024-10-25T08:59:00Z,EY86,,1729846740,205.58051451991867,0.008695960111570998
12.24119122,41.79459572,0.0,2024-10-25T09:00:00Z,EY86,,1729846800,205.58052098468352,0.00993220909081992
12.24117908,41.79457683,0.0,2024-10-25T09:01:00Z,EY86,,1729846860,205.60067409274563,0.011189297428199445
12.24116715,41.79455825,0.0,2024-10-25T09:02:00Z,EY86,,1729846920,205.58053404589361,0.012425546535461815
12.24110051,41.79438506,0.0,2024-10-25T09:03:00Z,EY86,,1729846980,196.00655547161193,0.02323422168332749
12.24094972,41.7938433,0.0,2024-10-25T09:04:00Z,EY86,,1729847040,191.72312382006473,0.05642230024824571
12.24105451,41.79367582,0.0,2024-10-25T09:05:00Z,EY86,,1729847100,154.99186420863953,0.0675130297975269
12.24100254,41.79364767,0.0,2024-10-25T09:06:00Z,EY86,,1729847160,234.00076858082406,0.07039231649864144
12.24095083,41.79361966,0.0,2024-10-25T09:07:00Z,EY86,,1729847220,233.99997185865726,0.07325722850118087
12.24087156,41.79358887,0.0,2024-10-25T09:08:00Z,EY86,,1729847280,242.48126404531976,0.07726554823356802
12.2404451,41.79368927,0.0,2024-10-25T09:09:00Z,EY86,,1729847340,287.5249903368017,0.09732990593656765
12.23929624,41.7958231,0.0,2024-10-25T09:10:00Z,EY86,,1729847400,338.1298965733041,0.23529775016224208
12.24100627,41.79761905,0.0,2024-10-25T09:11:00Z,EY86,,1729847460,35.368392148587304,0.36754912329391953
12.24237558,41.79937271,0.0,2024-10-25T09:12:00Z,EY86,,1729847520,30.203380196067428,0.4893571854422983
12.24510114,41.80101784,0.0,2024-10-25T09:13:00Z,EY86,,1729847580,51.0027743726348,0.6465014797503784
12.25059768,41.80207331,0.0,2024-10-25T09:14:00Z,EY86,,1729847640,75.5532297865143,0.9011492068623495
12.25673936,41.80372465,0.0,2024-10-25T09:15:00Z,EY86,,1729847700,70.16403575541233,1.194002572250704
12.25972936,41.8045504,0.0,2024-10-25T09:16:00Z,EY86,,1729847760,69.67004224128436,1.3370198967811957
12.26351508,41.80559413,0.0,2024-10-25T09:17:00Z,EY86,,1729847820,69.70119052950992,1.5180588706401243
12.26815612,41.8068733,0.0,2024-10-25T09:18:00Z,EY86,,1729847880,69.70600636131923,1.7399893034007377
12.27018904,41.80765443,0.0,2024-10-25T09:19:00Z,EY86,,1729847940,62.728758218000735,1.8425338285966222
12.27047564,41.80789492,0.0,2024-10-25T09:20:00Z,EY86,,1729848000,41.61462075158988,1.8618572189229652
12.2704319,41.80800772,0.0,2024-10-25T09:21:00Z,EY86,,1729848060,343.8789046336166,1.868901092177978
12.27026645,41.8083673,0.0,2024-10-25T09:22:00Z,EY86,,1729848120,341.06989692120385,1.8917081450061046
12.27015416,41.8085978,0.0,2024-10-25T09:23:00Z,EY86,,1729848180,340.0432283241264,1.9064214438654135
12.26949516,41.80918576,0.0,2024-10-25T09:24:00Z,EY86,,1729848240,320.12376269154095,1.9524399695384334
12.26889413,41.80947281,0.0,2024-10-25T09:25:00Z,EY86,,1729848300,302.650059401734,1.9844340300427767
12.26693136,41.80892564,0.0,2024-10-25T09:26:00Z,EY86,,1729848360,249.49442659954525,2.0784170976119096
12.23646064,41.79990295,569.645867638116,2024-10-25T09:27:00Z,EY86,72.21662342,1729848420,248.34535471306015,3.5488981740001657
12.18953836,41.7700096,2172.685618410452,2024-10-25T09:28:00Z,EY86,95.93217513,1729848480,229.50514602382447,6.314756616375243
12.16956403,41.71628589,4147.59381382536,2024-10-25T09:29:00Z,EY86,117.6191691,1729848540,195.51128804425704,9.659256215883994
12.17284924,41.6494411,6352.431036611119,2024-10-25T09:30:00Z,EY86,133.538239,1729848600,177.8968278390081,13.67075659946497
12.17505713,41.57725501,9064.115463936201,2024-10-25T09:31:00Z,EY86,146.6678373,1729848660,178.68928467253886,18.000950554092608
12.16551086,41.50190512,11551.5562095448,2024-10-25T09:32:00Z,EY86,160.925147,1729848720,185.42027361716842,22.540106530757086
12.14250083,41.4209791,14019.354507018279,2024-10-25T09:33:00Z,EY86,169.8062946,1729848780,192.03633310561895,27.5029383525539
12.13272013,41.33679602,16626.486345695837,2024-10-25T09:34:00Z,EY86,177.2647662,1729848840,184.98562334043896,32.57054700015415
12.16498424,41.25392966,18762.5899704816,2024-10-25T09:35:00Z,EY86,186.5888336,1729848900,163.68376445903277,37.74963520825669
12.26199251,41.18629576,20474.44279428976,2024-10-25T09:36:00Z,EY86,196.6697761,1729848960,132.79539334345424,43.72808822971197
12.38754414,41.12697817,22394.784817682958,2024-10-25T09:37:00Z,EY86,208.1245046,1729849020,122.06709393463973,50.43860011591027
12.51731208,41.06507359,23853.89272854764,2024-10-25T09:38:00Z,EY86,220.3508332,1729849080,122.29148174535692,57.398002032735974
12.65274695,40.99998975,25753.8728549638,2024-10-25T09:39:00Z,EY86,230.0982528,1729849140,122.45493033261516,64.68154890753074
12.79022353,40.93364662,27603.999780965758,2024-10-25T09:40:00Z,EY86,235.8737015,1729849200,122.53756853096007,72.08905417519043
12.93176437,40.86510787,29283.17713784904,2024-10-25T09:41:00Z,EY86,240.550016,1729849260,122.59881866819887,79.72859474347715
13.07776661,40.79415528,30813.10498536316,2024-10-25T09:42:00Z,EY86,243.3393329,1729849320,122.66319332054746,87.62296724120665
13.22138362,40.72404402,32562.2642637772,2024-10-25T09:43:00Z,EY86,246.0653676,1729849380,122.75479359835822,95.40445647591906
13.36649474,40.65278948,33871.4896993732,2024-10-25T09:44:00Z,EY86,247.7076428,1729849440,122.87877280485532,103.28619064540553
13.51447128,40.57977949,34000.001088000005,2024-10-25T09:45:00Z,EY86,248.974547,1729849500,122.97477542747356,111.34098254847204
13.66113627,40.5070502,34000.001088000005,2024-10-25T09:46:00Z,EY86,250.2050729,1729849560,123.07906667248,119.3424135640872
13.81013349,40.43291649,34000.001088000005,2024-10-25T09:47:00Z,EY86,250.7057162,1729849620,123.1375300566429,127.48539094554076
13.957434,40.35924446,34000.001088000005,2024-10-25T09:48:00Z,EY86,250.9474546,1729849680,123.24602695181534,135.55433333741968
14.10681149,40.28410624,34000.001088000005,2024-10-25T09:49:00Z,EY86,251.2279948,1729849740,123.36648730828028,143.75736782745898
14.25397253,40.20980427,34000.001088000005,2024-10-25T09:50:00Z,EY86,250.7476432,1729849800,123.43715672377425,151.85405354214475
14.39995618,40.13568062,34000.001088000005,2024-10-25T09:51:00Z,EY86,250.9907796,1729849860,123.55728078555711,159.90578588020733
14.54768099,40.06039119,34000.001088000005,2024-10-25T09:52:00Z,EY86,250.2939773,1729849920,123.62679777777288,168.06905522020588
14.69426203,39.98525831,34000.001088000005,2024-10-25T09:53:00Z,EY86,250.1955814,1729849980,123.74862913006888,176.18942756838194
14.84018629,39.91022123,34000.001088000005,2024-10-25T09:54:00Z,EY86,251.0155975,1729850040,123.80497233818244,184.28752653559047
14.98796291,39.83419625,34000.001088000005,2024-10-25T09:55:00Z,EY86,249.4979318,1729850100,123.78756592598597,192.49579889616746
15.14039213,39.76724651,34000.001088000005,2024-10-25T09:56:00Z,EY86,248.6590817,1729850160,119.70754594161394,200.6072175693756
15.30342116,39.71610008,34000.001088000005,2024-10-25T09:57:00Z,EY86,249.1977806,1729850220,112.14336446954024,208.7518192891213
15.47112217,39.66522341,34000.001088000005,2024-10-25T09:58:00Z,EY86,248.9261055,1729850280,111.46330075469069,217.09652376605024
15.63226103,39.61615303,34000.001088000005,2024-10-25T09:59:00Z,EY86,248.4907676,1729850340,111.52503027873797,225.12374399731897
15.79699538,39.56569791,34000.001088000005,2024-10-25T10:00:00Z,EY86,248.6436329,1729850400,111.62291123687783,233.34153454022345
15.96292382,39.51455943,34000.001088000005,2024-10-25T10:01:00Z,EY86,248.663317,1729850460,111.73092648638658,241.63112903784776
16.12680579,39.46384944,34000.001088000005,2024-10-25T10:02:00Z,EY86,248.9421919,1729850520,111.79613200328095,249.82812506081015
16.28751302,39.41364724,34000.001088000005,2024-10-25T10:03:00Z,EY86,248.7215584,1729850580,111.97137680475782,257.8819141912281
16.45100647,39.36242947,34000.001088000005,2024-10-25T10:04:00Z,EY86,248.7990261,1729850640,112.01263680032946,266.08368719509576
16.61744605,39.30992151,34000.001088000005,2024-10-25T10:05:00Z,EY86,248.3023211,1729850700,112.13723385201024,274.44681758035193
16.77832929,39.25850001,34000.001088000005,2024-10-25T10:06:00Z,EY86,248.6862792,1729850760,112.38663720278669,282.55099274038656
16.94037477,39.2064117,34000.001088000005,2024-10-25T10:07:00Z,EY86,248.0550506,1729850820,112.48651017498003,290.72558467699514
17.10529003,39.15316682,34000.001088000005,2024-10-25T10:08:00Z,EY86,247.4437038,1729850880,112.55992479673819,299.0556111443926
17.26634489,39.10085602,34000.001088000005,2024-10-25T10:09:00Z,EY86,247.4546023,1729850940,112.66791756625787,307.2030080801968
17.42866035,39.04782831,34000.001088000005,2024-10-25T10:10:00Z,EY86,247.9437024,1729851000,112.7712055222874,315.4264782936885
17.58968123,38.99490807,34000.001088000005,2024-10-25T10:11:00Z,EY86,247.266867,1729851060,112.87897625984453,323.5968581806016
17.75281024,38.94095484,34000.001088000005,2024-10-25T10:12:00Z,EY86,247.7127183,1729851120,112.99309008972807,331.8874167827784
17.91272895,38.8877764,34000.001088000005,2024-10-25T10:13:00Z,EY86,247.5344349,1729851180,113.09040046126427,340.0267184763043
18.0757966,38.83324408,34000.001088000005,2024-10-25T10:14:00Z,EY86,247.282792,1729851240,113.19074102490373,348.3387995918343
18.23664011,38.77917918,34000.001088000005,2024-10-25T10:15:00Z,EY86,247.2581747,1729851300,113.28225442900953,356.54928998083045
18.39894506,38.72431291,34000.001088000005,2024-10-25T10:16:00Z,EY86,247.9436682,1729851360,113.38423076790531,364.8470421853511
18.5586922,38.66880306,34000.001088000005,2024-10-25T10:17:00Z,EY86,248.053759,1729851420,113.94998705723316,373.05554027757097
18.70233143,38.59369306,34000.001088000005,2024-10-25T10:18:00Z,EY86,249.2926247,1729851480,123.75275556396389,381.1720036089453
18.829864,38.49884865,34000.001088000005,2024-10-25T10:19:00Z,EY86,248.6387974,1729851540,133.51792291012987,389.4397715737305
18.95545105,38.4024901,34000.001088000005,2024-10-25T10:20:00Z,EY86,248.3919023,1729851600,134.3741518448677,397.7099806963344
19.08239438,38.31013578,34000.001088000005,2024-10-25T10:21:00Z,EY86,249.2924452,1729851660,132.81473714693402,405.86686557686255
19.21078902,38.2156154,34000.001088000005,2024-10-25T10:22:00Z,EY86,248.433061,1729851720,133.1152049417601,414.16792951083534
19.33629709,38.12231962,34000.001088000005,2024-10-25T10:23:00Z,EY86,248.1117305,1729851780,133.35659964848128,422.32478456415714
19.46275052,38.02802179,34000.001088000005,2024-10-25T10:24:00Z,EY86,248.8487273,1729851840,133.41058337337523,430.5608954104446
19.59102375,37.93201382,34000.001088000005,2024-10-25T10:25:00Z,EY86,248.1925577,1729851900,133.47835627398933,438.93571743032373
19.71537822,37.83861308,34000.001088000005,2024-10-25T10:26:00Z,EY86,248.4223563,1729851960,133.54276815712262,447.0735498820797
19.84152379,37.74349793,34000.001088000005,2024-10-25T10:27:00Z,EY86,248.329444,1729852020,133.61700425696347,455.3492926659892
19.96914731,37.64693623,34000.001088000005,2024-10-25T10:28:00Z,EY86,248.3522217,1729852080,133.6781916397382,463.7413248136023
20.09384423,37.5521306,34000.001088000005,2024-10-25T10:29:00Z,EY86,248.773539,1729852140,133.78097204589926,471.96532204870095
20.21896794,37.45672512,34000.001088000005,2024-10-25T10:30:00Z,EY86,248.7309127,1729852200,133.827134402509,480.2342913209303
20.34365922,37.3611678,34000.001088000005,2024-10-25T10:31:00Z,EY86,247.9081654,1729852260,133.93543280492486,488.5000589093257
20.47038616,37.2636806,34000.001088000005,2024-10-25T10:32:00Z,EY86,248.8017495,1729852320,134.00690149803256,496.9216642033004
20.59438309,37.16791812,34000.001088000005,2024-10-25T10:33:00Z,EY86,248.71878,1729852380,134.08353946914906,505.18285992496794
20.71842593,37.0718326,34000.001088000005,2024-10-25T10:34:00Z,EY86,248.8970645,1729852440,134.13309521590998,513.4644321450954
20.84103406,36.97642059,34000.001088000005,2024-10-25T10:35:00Z,EY86,249.0283036,1729852500,134.2291698241246,521.6737262814582
20.96638863,36.87841958,34000.001088000005,2024-10-25T10:36:00Z,EY86,249.3262625,1729852560,134.3243584814187,530.0911805647003
21.0889086,36.78244726,34000.001088000005,2024-10-25T10:37:00Z,EY86,249.3960926,1729852620,134.34489283408936,538.3314050979714
21.21176563,36.68578612,34000.001088000005,2024-10-25T10:38:00Z,EY86,250.1488958,1729852680,134.43502806810721,546.6173150431762
21.33635009,36.58728305,34000.001088000005,2024-10-25T10:39:00Z,EY86,249.6737519,1729852740,134.53900038374047,555.045330065296
21.45880976,36.49013389,34000.001088000005,2024-10-25T10:40:00Z,EY86,250.1533194,1729852800,134.59971598552045,563.3485555242321
21.58054354,36.39314691,34000.001088000005,2024-10-25T10:41:00Z,EY86,250.1477429,1729852860,134.68656278377534,571.6251233983335
21.70330144,36.29506456,34001.2006943376,2024-10-25T10:42:00Z,EY86,249.4973135,1729852920,134.73213078989858,579.9883010360204
21.82500804,36.19744007,34045.194166874004,2024-10-25T10:43:00Z,EY86,249.1188086,1729852980,134.80894319505865,588.3011297952137
21.94702823,36.0990951,34783.497766615204,2024-10-25T10:44:00Z,EY86,248.1076953,1729853040,134.91000942550136,596.660338855168
22.06820795,36.00121623,35996.942916994005,2024-10-25T10:45:00Z,EY86,246.6983387,1729853100,134.9364805958229,604.9760225233277
22.18901323,35.90312288,36000.001152,2024-10-25T10:46:00Z,EY86,246.812447,1729853160,135.05244181028092,613.2929593669774
22.30893221,35.80543781,36000.001152,2024-10-25T10:47:00Z,EY86,245.7181584,1729853220,135.10881750771006,621.5670909862894
22.4286486,35.70755947,36000.001152,2024-10-25T10:48:00Z,EY86,245.9980707,1729853280,135.1787524149123,629.847428473447
22.54949998,35.60840987,36000.001152,2024-10-25T10:49:00Z,EY86,245.7510734,1729853340,135.2424648013141,638.2259006568321
22.67051158,35.50876876,36000.001152,2024-10-25T10:50:00Z,EY86,245.6728544,1729853400,135.31061740140643,646.6358739982431
22.7879058,35.41171069,36000.001152,2024-10-25T10:51:00Z,EY86,245.9737936,1729853460,135.3936360945048,654.8161480653952
22.90887393,35.31126442,36000.001152,2024-10-25T10:52:00Z,EY86,246.430531,1729853520,135.4814424370124,663.268945288206
23.02785746,35.21219648,36000.001152,2024-10-25T10:53:00Z,EY86,245.3518138,1729853580,135.524827390749,671.5995335473251
23.14642668,35.11322954,36000.001152,2024-10-25T10:54:00Z,EY86,246.0990302,1729853640,135.56078991445685,679.9164250940242
23.26578695,35.01307633,36000.001152,2024-10-25T10:55:00Z,EY86,246.3865656,1729853700,135.67646741215674,688.3162239500718
23.3865469,34.91142722,36000.001152,2024-10-25T10:56:00Z,EY86,246.7091036,1729853760,135.73152984676324,696.8333240562054
23.50239345,34.81350161,36000.001152,2024-10-25T10:57:00Z,EY86,246.8718579,1729853820,135.81904583072708,705.0263212173681
23.62050545,34.71347159,36000.001152,2024-10-25T10:58:00Z,EY86,246.2482954,1729853880,135.83835876798423,713.3924628166811
23.74056064,34.61129999,36000.001152,2024-10-25T10:59:00Z,EY86,246.3090391,1729853940,135.9421946095366,721.9225029294442
23.85871028,34.51033166,36000.001152,2024-10-25T11:00:00Z,EY86,246.7264828,1729854000,136.02668811937258,730.3400348842159
23.97589693,34.40987997,36000.001152,2024-10-25T11:01:00Z,EY86,246.5179732,1729854060,136.07987753618426,738.7069356002945
24.09163389,34.31038689,36000.001152,2024-10-25T11:02:00Z,EY86,246.3225349,1729854120,136.12800202651084,746.9872492184667
24.21090652,34.2075106,36000.001152,2024-10-25T11:03:00Z,EY86,246.0701644,1729854180,136.1884049733568,755.5402078056318
24.32658722,34.10734793,36000.001152,2024-10-25T11:04:00Z,EY86,245.7670198,1729854240,136.2651137780698,763.8569067093063
24.44233512,34.00639061,36000.001152,2024-10-25T11:05:00Z,EY86,246.5477167,1729854300,136.44066891082798,772.2149486587163
24.55716694,33.90096574,36000.001152,2024-10-25T11:06:00Z,EY86,246.0906618,1729854360,137.86998390933695,780.7424051078883
24.66888332,33.79606078,36000.001152,2024-10-25T11:07:00Z,EY86,246.5043913,1729854420,138.47811108493596,789.1472922133241
24.77993177,33.69222007,36000.001152,2024-10-25T11:08:00Z,EY86,246.3005379,1729854480,138.32424341383955,797.4867890247447
24.89300846,33.586327,36000.001152,2024-10-25T11:09:00Z,EY86,246.3119679,1729854540,138.3309295679079,805.9900597091664
25.00574936,33.48045049,36000.001152,2024-10-25T11:10:00Z,EY86,246.0972351,1729854600,138.3763533629051,814.4859052560889
25.11750078,33.37493411,36000.001152,2024-10-25T11:11:00Z,EY86,246.1961901,1729854660,138.49581249858943,822.9370945249627
25.22763099,33.2704987,36000.001152,2024-10-25T11:12:00Z,EY86,245.8064675,1729854720,138.58472403510405,831.2901659087139
25.34043469,33.16333558,36000.001152,2024-10-25T11:13:00Z,EY86,246.126043,1729854780,138.60073129769864,839.8590986033117
25.45059148,33.05821031,36000.001152,2024-10-25T11:14:00Z,EY86,245.8361105,1729854840,138.69627734956418,848.2527048125506
25.56041436,32.95307491,36000.001152,2024-10-25T11:15:00Z,EY86,246.5381669,1729854900,138.75149537083252,856.6399135423554
25.67061485,32.84724406,36000.001152,2024-10-25T11:16:00Z,EY86,246.770672,1729854960,138.80733437874977,865.0752622604704
25.78242143,32.73957903,36000.001152,2024-10-25T11:17:00Z,EY86,246.6995385,1729855020,138.84987604332815,873.6510614492346
25.891484,32.63420116,36000.001152,2024-10-25T11:18:00Z,EY86,246.644758,1729855080,138.91260708208273,882.0366342891376
26.00179125,32.52720945,36000.001152,2024-10-25T11:19:00Z,EY86,246.5921328,1729855140,138.98794066556832,890.540710160052
26.11307995,32.41882756,36000.001152,2024-10-25T11:20:00Z,EY86,245.4075555,1729855200,139.06867739227647,899.1445725961446
26.22092722,32.31356145,36000.001152,2024-10-25T11:21:00Z,EY86,245.0964139,1729855260,139.09968680162308,907.4971806005954
26.32587988,32.20663662,36000.001152,2024-10-25T11:22:00Z,EY86,244.3324602,1729855320,140.278066650366,915.8339801347206
26.42582982,32.09556882,36000.001152,2024-10-25T11:23:00Z,EY86,243.7474509,1729855380,142.66967658112424,924.2093574118394
26.52409255,31.98626574,36000.001152,2024-10-25T11:24:00Z,EY86,243.6126007,1729855440,142.6647432568625,932.4521553653324
26.62235528,31.87696266,36000.001152,2024-10-25T11:25:00Z,EY86,243.4522517,1729855500,142.63190827207268,940.6984797028389
26.72061801,31.76765958,36000.001152,2024-10-25T11:26:00Z,EY86,243.716944,1729855560,142.59920267689546,948.9483222466222
26.82046482,31.65655568,36000.001152,2024-10-25T11:27:00Z,EY86,243.8661255,1729855620,142.5755883052738,957.336595394939
26.91769459,31.54690711,36000.001152,2024-10-25T11:28:00Z,EY86,243.9538538,1729855680,142.91272338445657,965.5778096102885
27.01470357,31.43718469,36000.001152,2024-10-25T11:29:00Z,EY86,244.2941805,1729855740,142.96165939640264,973.8191360281837
27.11329819,31.32566198,36000.001152,2024-10-25T11:30:00Z,EY86,243.7742198,1729855800,142.9305065723293,982.1989945860443
27.21030258,31.21593803,36000.001152,2024-10-25T11:31:00Z,EY86,243.6544205,1729855860,142.8986178292489,990.4471279247754
27.30729694,31.10621073,36000.001152,2024-10-25T11:32:00Z,EY86,243.6100744,1729855920,142.87040366808225,998.698506169335
27.40480386,30.99525689,36000.001152,2024-10-25T11:33:00Z,EY86,243.320538,1729855980,142.9993788924255,1007.0277545033587
27.50123431,30.88440984,36000.001152,2024-10-25T11:34:00Z,EY86,243.1061204,1729856040,143.24653750416832,1015.3218863673927
27.59702091,30.7742797,36000.001152,2024-10-25T11:35:00Z,EY86,243.233269,1729856100,143.22088887261168,1023.5650666399304
27.69312156,30.66378847,36000.001152,2024-10-25T11:36:00Z,EY86,243.6033245,1729856160,143.18939141517467,1031.838587027237
27.79016437,30.552214,36000.001152,2024-10-25T11:37:00Z,EY86,244.1229798,1729856220,143.15765368867528,1040.19657884877
27.886054,30.44210222,36000.001152,2024-10-25T11:38:00Z,EY86,244.1238747,1729856280,143.09248134439883,1048.4520149466439
27.98558578,30.33264169,36000.001152,2024-10-25T11:39:00Z,EY86,244.9586129,1729856340,141.86489722507304,1056.7953134599677
28.08702225,30.22153304,36000.001152,2024-10-25T11:40:00Z,EY86,244.5464544,1729856400,141.72147267098813,1065.2808730720062
28.18833421,30.11023538,36000.001152,2024-10-25T11:41:00Z,EY86,244.6266237,1729856460,141.77164652614874,1073.774876585054
28.28783018,30.00073266,36000.001152,2024-10-25T11:42:00Z,EY86,244.5384763,1729856520,141.79198385446352,1082.1295039880847
28.39116713,29.88920937,36000.001152,2024-10-25T11:43:00Z,EY86,244.8623166,1729856580,141.21322932714162,1090.7070813330786
28.5126501,29.79692548,36000.001152,2024-10-25T11:44:00Z,EY86,244.1691047,1729856640,131.1810018584166,1099.1149850210795
28.64069884,29.71105063,36000.001152,2024-10-25T11:45:00Z,EY86,243.3522341,1729856700,127.65367813558885,1107.5495325909103
28.76941284,29.624454,36000.001152,2024-10-25T11:46:00Z,EY86,242.7222715,1729856760,127.71817689866913,1116.0424746022873
28.90143207,29.53542766,36000.001152,2024-10-25T11:47:00Z,EY86,242.2645979,1729856820,127.75753635107685,1124.7657314913113
29.03058693,29.45074704,36000.001152,2024-10-25T11:48:00Z,EY86,244.8629889,1729856880,126.95756963994495,1133.2168215198558
29.18421574,29.41629818,36000.001152,2024-10-25T11:49:00Z,EY86,247.8334429,1729856940,104.40040831837678,1141.5255825089648
29.34749473,29.41424258,36000.001152,2024-10-25T11:50:00Z,EY86,247.4490425,1729857000,90.78792402103113,1150.0824732959516
29.50741545,29.41243172,36000.001152,2024-10-25T11:51:00Z,EY86,246.9734872,1729857060,90.70548048827624,1158.4633618519017
29.66846526,29.41021251,36000.001152,2024-10-25T11:52:00Z,EY86,247.6395481,1729857120,90.86670594854627,1166.9039278846858
29.83021691,29.40770079,36000.001152,2024-10-25T11:53:00Z,EY86,246.8683953,1729857180,90.98149038907587,1175.381756614699
29.99414841,29.40495865,36000.001152,2024-10-25T11:54:00Z,EY86,248.1675057,1729857240,91.05976944631192,1183.9742744879377
30.1527157,29.40210854,36000.001152,2024-10-25T11:55:00Z,EY86,249.1649782,1729857300,91.1430250788186,1192.2860875175302
30.31313118,29.39668792,36000.001152,2024-10-25T11:56:00Z,EY86,246.8466142,1729857360,92.18178763687882,1200.6996057971473
30.4590201,29.34164672,36000.001152,2024-10-25T11:57:00Z,EY86,246.6570837,1729857420,113.37304082536878,1209.027071244622
30.57840032,29.24288077,36000.001152,2024-10-25T11:58:00Z,EY86,248.0002416,1729857480,133.46030718046762,1217.6391571033762
30.69724214,29.14228215,36000.001152,2024-10-25T11:59:00Z,EY86,249.4656142,1729857540,134.08826725913787,1226.3108380899841
30.81640674,29.04155288,36000.001152,2024-10-25T12:00:00Z,EY86,250.991425,1729857600,134.0197300600114,1235.0044820606158
30.93591897,28.94047219,36000.001152,2024-10-25T12:01:00Z,EY86,251.520635,1729857660,134.00805087690117,1243.730219493295
31.05305696,28.84106173,36000.001152,2024-10-25T12:02:00Z,EY86,251.1445715,1729857720,134.07848980145178,1252.3008502229063
31.17186757,28.73998861,36000.001152,2024-10-25T12:03:00Z,EY86,250.9710813,1729857780,134.11956381637697,1261.008222455203
31.29147083,28.64124915,36000.001152,2024-10-25T12:04:00Z,EY86,250.4627465,1729857840,133.23331864327315,1269.6539295670693
31.41457343,28.54462819,36000.001152,2024-10-25T12:05:00Z,EY86,250.5188066,1729857900,131.7640519717164,1278.3549802948542
31.53471705,28.449242,36000.001152,2024-10-25T12:06:00Z,EY86,250.3335079,1729857960,132.06556241993906,1286.8945058208853
31.65555248,28.35245591,36000.001152,2024-10-25T12:07:00Z,EY86,250.558645,1729858020,132.2912764312939,1295.5215385341273
31.77548189,28.25595161,36000.001152,2024-10-25T12:08:00Z,EY86,250.8225117,1729858080,132.3971404295895,1304.105940132722
31.89392289,28.16065795,36000.001152,2024-10-25T12:09:00Z,EY86,250.122326,1729858140,132.36803749333387,1312.587384365091
32.01461671,28.06548991,36000.001152,2024-10-25T12:10:00Z,EY86,249.7217474,1729858200,131.76763815096962,1321.1567849053972
32.15023058,27.98613583,36000.001152,2024-10-25T12:11:00Z,EY86,248.5800738,1729858260,123.50769041871405,1329.7823312301778
32.29423081,27.91658405,36000.001152,2024-10-25T12:12:00Z,EY86,249.5038488,1729858320,118.6352875760021,1338.4923960915241
32.43351028,27.84920141,36000.001152,2024-10-25T12:13:00Z,EY86,249.7159399,1729858380,118.66095820023554,1346.9241695251046
32.58464778,27.77584258,36000.001152,2024-10-25T12:14:00Z,EY86,251.3920007,1729858440,118.72151038914006,1356.0851995644236
32.72846689,27.70568711,36000.001152,2024-10-25T12:15:00Z,EY86,251.5915142,1729858500,118.82793204522306,1364.8170367870134
32.87286049,27.63511801,36000.001152,2024-10-25T12:16:00Z,EY86,253.1683605,1729858560,118.8580933952976,1373.5918967792052
33.01564014,27.56505314,36000.001152,2024-10-25T12:17:00Z,EY86,251.8084207,1729858620,118.94168191630763,1382.281121146783
33.16450664,27.49177102,36000.001152,2024-10-25T12:18:00Z,EY86,251.2290441,1729858680,119.0009691371273,1391.351924469965
33.30895388,27.42032721,36000.001152,2024-10-25T12:19:00Z,EY86,252.3574623,1729858740,119.10120729044604,1400.1676054496575
33.45395393,27.3485002,36000.001152,2024-10-25T12:20:00Z,EY86,253.9755649,1729858800,119.12262934742739,1409.0245575429035
33.59973671,27.27596339,36000.001152,2024-10-25T12:21:00Z,EY86,253.4475658,1729858860,119.21521608201749,1417.9430748112443
33.7416567,27.2056943,36000.001152,2024-10-25T12:22:00Z,EY86,252.238224,1729858920,119.08080507014029,1426.6194531292213
33.89671287,27.14243446,36000.001152,2024-10-25T12:23:00Z,EY86,251.3924505,1729858980,114.60071336574083,1435.7390999227537
34.05516238,27.08577413,36000.001152,2024-10-25T12:24:00Z,EY86,252.1179858,1729859040,111.85136337530997,1444.8746167067309
34.2118071,27.02975251,36000.001152,2024-10-25T12:25:00Z,EY86,252.9977333,1729859100,111.84423706597545,1453.910111885053
34.36880474,26.97339112,36000.001152,2024-10-25T12:26:00Z,EY86,252.5151966,1729859160,111.90960678289088,1462.9745871905377
34.52413437,26.91738877,36000.001152,2024-10-25T12:27:00Z,EY86,252.1147564,1729859220,111.98546024073823,1471.9519284958874
34.68172857,26.86032687,36000.001152,2024-10-25T12:28:00Z,EY86,252.0009132,1729859280,112.06016236055592,1481.0694841811207
34.8355033,26.80447027,36000.001152,2024-10-25T12:29:00Z,EY86,251.3119892,1729859340,112.11479574637781,1489.9738376717278
34.99141543,26.74766777,36000.001152,2024-10-25T12:30:00Z,EY86,252.1879763,1729859400,112.16428717158942,1499.0095902307557
35.1476194,26.69041311,36000.001152,2024-10-25T12:31:00Z,EY86,254.08282,1729859460,112.27589311568244,1508.0739233558386
35.30291703,26.6333066,36000.001152,2024-10-25T12:32:00Z,EY86,255.6007141,1729859520,112.33108576745133,1517.0936735440641
35.45705389,26.57874715,36000.001152,2024-10-25T12:33:00Z,EY86,253.0523382,1729859580,111.56356165107002,1526.0024724633845
35.62403813,26.54818932,36000.001152,2024-10-25T12:34:00Z,EY86,248.8978005,1729859640,101.52553701027205,1535.1701412675184
35.80028706,26.56622639,36000.001152,2024-10-25T12:35:00Z,EY86,248.0976762,1729859700,83.43376259728626,1544.7138297212239
35.97127907,26.59333324,36000.001152,2024-10-25T12:36:00Z,EY86,247.7601849,1729859760,79.90983930118125,1554.0535507278532
36.1451772,26.62384157,36000.001152,2024-10-25T12:37:00Z,EY86,247.8711148,1729859820,78.8595204054044,1563.5818323616434
36.32010593,26.6430576,36000.001152,2024-10-25T12:38:00Z,EY86,249.6845007,1729859880,82.9548357884347,1573.057057021515
36.48626671,26.62102828,36000.001152,2024-10-25T12:39:00Z,EY86,254.651284,1729859940,98.39901401984196,1582.0876603210866
36.64004046,26.56591528,36000.001152,2024-10-25T12:40:00Z,EY86,251.687138,1729860000,111.80679651642367,1590.9913402087236
36.79628028,26.51120818,36000.001152,2024-10-25T12:41:00Z,EY86,247.8618076,1729860060,111.33982283988382,1600.0132437270113
36.95097704,26.46613496,36000.001152,2024-10-25T12:42:00Z,EY86,246.2082159,1729860120,107.99759344614978,1608.766804769984
37.11158761,26.43010104,36000.001152,2024-10-25T12:43:00Z,EY86,244.5138185,1729860180,104.0318627471932,1617.6806797632755
37.2749406,26.40570371,36000.001152,2024-10-25T12:44:00Z,EY86,243.6837921,1729860240,99.43165999403749,1626.600170245259
37.44224144,26.39249879,36000.001152,2024-10-25T12:45:00Z,EY86,244.8611513,1729860300,94.99860185306449,1635.648102647225
37.61190941,26.38197446,36000.001152,2024-10-25T12:46:00Z,EY86,245.5093057,1729860360,93.92332519634579,1644.811602276815
37.78062672,26.38094502,36000.001152,2024-10-25T12:47:00Z,EY86,244.9410106,1729860420,90.35274411110873,1653.9028852928304
37.95386533,26.39101876,36000.001152,2024-10-25T12:48:00Z,EY86,243.1933134,1729860480,86.2475342314496,1663.2566537024165
38.12224286,26.41509607,36000.001152,2024-10-25T12:49:00Z,EY86,241.5304261,1729860540,80.89188455595632,1672.4413811030856
38.29427368,26.44722755,36000.001152,2024-10-25T12:50:00Z,EY86,242.7145138,1729860600,78.17986526606853,1681.9043215701086
38.46404319,26.46389481,36000.001152,2024-10-25T12:51:00Z,EY86,249.0782342,1729860660,83.70417641421363,1691.100464651081
38.62989788,26.43782627,36000.001152,2024-10-25T12:52:00Z,EY86,245.0830421,1729860720,99.9201304106839,1700.1670783739717
38.79544282,26.4282376,36000.001152,2024-10-25T12:53:00Z,EY86,242.7894916,1729860780,93.66412983867804,1709.101683720922
38.96112057,26.42023567,36000.001152,2024-10-25T12:54:00Z,EY86,242.5335263,1729860840,93.05026824084092,1718.0385159873858
39.12951575,26.41211919,36000.001152,2024-10-25T12:55:00Z,EY86,243.0184229,1729860900,93.04313379203694,1727.1225053918592
39.29519488,26.40413363,36000.001152,2024-10-25T12:56:00Z,EY86,244.5866973,1729860960,93.0435303831091,1736.0605975151361
39.460878,26.39617718,36000.001152,2024-10-25T12:57:00Z,EY86,245.9518951,1729861020,93.0320469974576,1744.9994236843863
39.62949576,26.38959465,36000.001152,2024-10-25T12:58:00Z,EY86,243.1787008,1729861080,92.45793367447226,1754.0927706860516
39.79924822,26.40528989,36000.001152,2024-10-25T12:59:00Z,EY86,244.4560649,1729861140,84.06893216530955,1763.2864369492781
39.97170053,26.42102691,36000.001152,2024-10-25T13:00:00Z,EY86,245.8200048,1729861200,84.14381549403157,1772.6238114446553
40.14496062,26.43658501,36000.001152,2024-10-25T13:01:00Z,EY86,247.5099645,1729861260,84.23518105194262,1782.0021579686113
40.31651592,26.45180736,36000.001152,2024-10-25T13:02:00Z,EY86,247.7057798,1729861320,84.30224516394418,1791.285927010413
40.48692859,26.46676163,36000.001152,2024-10-25T13:03:00Z,EY86,247.0803923,1729861380,84.36374291730579,1800.5056993457406
40.65715066,26.48145712,36000.001152,2024-10-25T13:04:00Z,EY86,246.1781331,1729861440,84.45321505739639,1809.7125970942604
40.83178566,26.49628255,36000.001152,2024-10-25T13:05:00Z,EY86,246.6192248,1729861500,84.54269613131004,1819.15556256539
41.00231829,26.50853617,36000.001152,2024-10-25T13:06:00Z,EY86,249.556326,1729861560,85.37138266594042,1828.364088406418
41.17259495,26.50513897,36000.001152,2024-10-25T13:07:00Z,EY86,251.6872551,1729861620,91.23917916379406,1837.5315123182725
41.34186855,26.49330936,36000.001152,2024-10-25T13:08:00Z,EY86,251.988879,1729861680,94.42731345674133,1846.67073585551
41.51385785,26.48196946,36000.001152,2024-10-25T13:09:00Z,EY86,249.8772424,1729861740,94.17481085793207,1855.9544484294447
41.68615942,26.48597392,36000.001152,2024-10-25T13:10:00Z,EY86,248.9614686,1729861800,88.47418145585846,1865.2335386386897
41.85863863,26.50002126,36000.001152,2024-10-25T13:11:00Z,EY86,249.3331,1729861860,84.76195871096115,1874.5563284175594
42.03480732,26.51680323,36000.001152,2024-10-25T13:12:00Z,EY86,247.93645,1729861920,83.88430943791235,1884.0915124077178
42.20609623,26.54077864,36000.001152,2024-10-25T13:13:00Z,EY86,247.5187071,1729861980,81.07033348570695,1893.420340350973
42.37658339,26.56659428,36000.001152,2024-10-25T13:14:00Z,EY86,248.7147087,1729862040,80.35400768118615,1902.7222261450752
42.54897577,26.57913572,36000.001152,2024-10-25T13:15:00Z,EY86,248.2369362,1729862100,85.31113922756316,1912.0262675610702
42.71965471,26.58534691,36000.001152,2024-10-25T13:16:00Z,EY86,247.9721745,1729862160,87.63158726820745,1921.2146026087835
42.89132116,26.5915395,36000.001152,2024-10-25T13:17:00Z,EY86,247.7029617,1729862220,87.6515534463644,1930.4554708273142
43.06240009,26.59801653,36000.001152,2024-10-25T13:18:00Z,EY86,246.4674298,1729862280,87.53727322035024,1939.6649577313628
43.23262323,26.61356317,36000.001152,2024-10-25T13:19:00Z,EY86,245.216536,1729862340,84.12949901046113,1948.866512029421
43.40223165,26.63656362,36000.001152,2024-10-25T13:20:00Z,EY86,243.221217,1729862400,81.33627206978593,1958.0895755980034
43.57015455,26.6650817,36000.001152,2024-10-25T13:21:00Z,EY86,242.5262774,1729862460,79.20347362562649,1967.2765724727767
43.73954757,26.69239351,36000.001152,2024-10-25T13:22:00Z,EY86,245.9510064,1729862520,79.73337923827899,1976.5260391042752
43.90813121,26.69400214,36000.001152,2024-10-25T13:23:00Z,EY86,250.4291518,1729862580,89.35022355690126,1985.5859054325347
44.07130427,26.67027212,36000.001152,2024-10-25T13:24:00Z,EY86,247.736394,1729862640,99.2077962014323,1994.4695256749242
44.23752933,26.65784861,36000.001152,2024-10-25T13:25:00Z,EY86,245.9973257,1729862700,94.74340476761466,2003.4352666319246
44.40649269,26.65554759,36000.001152,2024-10-25T13:26:00Z,EY86,248.3472992,1729862760,90.83510857212809,2012.5189612522936
44.57380826,26.64071322,36000.001152,2024-10-25T13:27:00Z,EY86,249.921556,1729862820,95.62757146268495,2021.55738346536
44.73993259,26.62061852,36000.001152,2024-10-25T13:28:00Z,EY86,251.2903622,1729862880,97.66904703820376,2030.5699866150735
44.90948572,26.59897368,36000.001152,2024-10-25T13:29:00Z,EY86,250.4972152,1729862940,98.08790210288197,2039.779554724203
45.07536359,26.57784142,36000.001152,2024-10-25T13:30:00Z,EY86,250.7663437,1729863000,98.07082397548777,2048.790771853684
45.24011486,26.55684093,36000.001152,2024-10-25T13:31:00Z,EY86,250.7729544,1729863060,98.07411152584098,2057.742490639709
45.40906421,26.535004,36000.001152,2024-10-25T13:32:00Z,EY86,250.6028174,1729863120,98.18363001719104,2066.926529902572
45.57201912,26.51369563,36000.001152,2024-10-25T13:33:00Z,EY86,250.6411041,1729863180,98.27823229722378,2075.7884427365925
45.73848067,26.49168978,36000.001152,2024-10-25T13:34:00Z,EY86,251.0533767,1729863240,98.36589104838981,2084.844785054929
45.90304299,26.46978089,36000.001152,2024-10-25T13:35:00Z,EY86,251.0653333,1729863300,98.4234199749809,2093.8008089128502
46.07037973,26.44720012,36000.001152,2024-10-25T13:36:00Z,EY86,252.1667486,1729863360,98.53437901481965,2102.9122045606273
46.23495822,26.42497094,36000.001152,2024-10-25T13:37:00Z,EY86,252.0642737,1729863420,98.54121650779098,2111.875293067381
46.40017722,26.40356839,36000.001152,2024-10-25T13:38:00Z,EY86,250.3440593,1729863480,98.19347692093584,2120.8669787161157
46.56934247,26.39592982,36000.001152,2024-10-25T13:39:00Z,EY86,248.9168134,1729863540,92.84832667896137,2129.9922029887784
46.73732377,26.40266455,36000.001152,2024-10-25T13:40:00Z,EY86,249.4820129,1729863600,87.39981935061962,2139.051191940434
46.90445189,26.40996833,36000.001152,2024-10-25T13:41:00Z,EY86,249.3711475,1729863660,87.16944549337165,2148.0653032799837
47.07212339,26.41772174,36000.001152,2024-10-25T13:42:00Z,EY86,249.9458694,1729863720,87.0070475003684,2157.109407344782
47.24293624,26.42580491,36000.001152,2024-10-25T13:43:00Z,EY86,250.4313225,1729863780,86.93721889494208,2166.3228992333325
47.4110892,26.43235026,36000.001152,2024-10-25T13:44:00Z,EY86,250.3027906,1729863840,87.47361462014476,2175.388307195542
47.57694314,26.43865206,36000.001152,2024-10-25T13:45:00Z,EY86,251.1212656,1729863900,87.53330646330153,2184.3288830783554
47.74811128,26.44498533,36000.001152,2024-10-25T13:46:00Z,EY86,250.7164964,1729863960,87.59559156383511,2193.55500126388
47.91690627,26.45099685,36000.001152,2024-10-25T13:47:00Z,EY86,250.424493,1729864020,87.68453155817264,2202.652156460199
48.08307258,26.45674475,36000.001152,2024-10-25T13:48:00Z,EY86,251.3657322,1729864080,87.75036619850431,2211.606789415465
48.25385722,26.46245459,36000.001152,2024-10-25T13:49:00Z,EY86,250.8689697,1729864140,87.82324181454965,2220.8094005494977
48.42262197,26.46782186,36000.001152,2024-10-25T13:50:00Z,EY86,250.6450013,1729864200,87.92775001159578,2229.9021408280614
48.58919419,26.47298368,36000.001152,2024-10-25T13:51:00Z,EY86,250.7285504,1729864260,87.98022550871929,2238.876060664562
48.75865156,26.47783216,36000.001152,2024-10-25T13:52:00Z,EY86,251.2002643,1729864320,88.13144933895956,2248.0042232680175
48.92727847,26.48154961,36000.001152,2024-10-25T13:53:00Z,EY86,250.5340226,1729864380,88.55154312803666,2257.0854517923676
49.09466112,26.4850506,36000.001152,2024-10-25T13:54:00Z,EY86,250.0562391,1729864440,88.62402150811761,2266.0991209364174
49.2605293,26.48834275,36000.001152,2024-10-25T13:55:00Z,EY86,248.4020538,1729864500,88.69265385499239,2275.0307325910717
49.4322048,26.49158801,36000.001152,2024-10-25T13:56:00Z,EY86,247.9076309,1729864560,88.75175614031161,2284.274584634068
49.59746253,26.49443493,36000.001152,2024-10-25T13:57:00Z,EY86,247.2322781,1729864620,88.86042184904238,2293.1723054101244
49.76135775,26.4919782,36000.001152,2024-10-25T13:58:00Z,EY86,253.2781809,1729864680,90.92296822830502,2301.996259068894
49.91579813,26.44871729,36000.001152,2024-10-25T13:59:00Z,EY86,254.2326493,1729864740,107.34145119710149,2310.705108402418
50.06975595,26.3935214,36000.001152,2024-10-25T14:00:00Z,EY86,253.85041,1729864800,111.78335412122692,2319.631278749261
50.21921311,26.34003149,36000.001152,2024-10-25T14:01:00Z,EY86,251.5139499,1729864860,111.74101641158882,2328.2979600324784
50.37326046,26.29626953,36000.001152,2024-10-25T14:02:00Z,EY86,248.030395,1729864920,107.55094374136354,2337.0059434869404
50.53708905,26.27345403,36000.001152,2024-10-25T14:03:00Z,EY86,248.8165755,1729864980,98.79260632389395,2345.945734275012
50.695612,26.23992658,36000.001152,2024-10-25T14:04:00Z,EY86,253.7230708,1729865040,103.23463999056253,2354.7287378050855
50.8432653,26.18138327,36000.001152,2024-10-25T14:05:00Z,EY86,254.3660652,1729865100,113.80959313296086,2363.432202360917
50.98790427,26.11618512,36000.001152,2024-10-25T14:06:00Z,EY86,255.112763,1729865160,116.63206194881695,2372.1612225298204
51.12887138,26.04721222,36000.001152,2024-10-25T14:07:00Z,EY86,254.3674963,1729865220,118.54866138778777,2380.8224643362914
51.2697673,25.97800739,36000.001152,2024-10-25T14:08:00Z,EY86,253.906688,1729865280,118.62759696861065,2389.4908474310478
51.40792705,25.91011512,36000.001152,2024-10-25T14:09:00Z,EY86,253.5371592,1729865340,118.62536399572258,2397.9955759601817
51.55150851,25.83923834,36000.001152,2024-10-25T14:10:00Z,EY86,253.9976477,1729865400,118.71936385191549,2406.8471842477907
51.69004356,25.77059992,36000.001152,2024-10-25T14:11:00Z,EY86,253.6712952,1729865460,118.79548461095669,2415.398777976478
51.82831653,25.70180588,36000.001152,2024-10-25T14:12:00Z,EY86,254.3559673,1729865520,118.88232398555311,2423.9461671443214
51.96703856,25.63274858,36000.001152,2024-10-25T14:13:00Z,EY86,251.8590589,1729865580,118.88225574240118,2432.5262382207943
52.10748467,25.56249428,36000.001152,2024-10-25T14:14:00Z,EY86,249.609786,1729865640,118.98512758565158,2441.22656759692
52.24499218,25.49352479,36000.001152,2024-10-25T14:15:00Z,EY86,245.7398865,1729865700,119.03707077206502,2449.7539667109445
52.38389601,25.42413568,35981.9461317372,2024-10-25T14:16:00Z,EY86,241.934325,1729865760,118.92473988451286,2458.3636095382453
52.51683948,25.35827714,35357.6229162208,2024-10-25T14:17:00Z,EY86,235.6501881,1729865820,118.71001430222407,2466.5914348701667
52.64585805,25.29404915,33546.657930448404,2024-10-25T14:18:00Z,EY86,229.7020291,1729865880,118.81635306691356,2474.5886276517354
52.7690774,25.23255305,31716.64599852844,2024-10-25T14:19:00Z,EY86,223.745343,1729865940,118.86626028801555,2482.2338309679644
52.89315553,25.17040793,29903.87332240948,2024-10-25T14:20:00Z,EY86,218.9249777,1729866000,118.93999417301518,2489.9416451238217
53.00934554,25.11202808,28260.404821655757,2024-10-25T14:21:00Z,EY86,214.1211455,1729866060,119.00705248906627,2497.167510566387
53.12319385,25.05463438,26481.64983691408,2024-10-25T14:22:00Z,EY86,209.7869906,1729866120,119.07694587713593,2504.2557986561965
53.2358413,24.99780888,24748.88544747612,2024-10-25T14:23:00Z,EY86,203.0799536,1729866180,119.08184358361063,2511.27287298993
53.34571238,24.94230839,23141.902712325642,2024-10-25T14:24:00Z,EY86,198.7309674,1729866240,119.10452221108551,2518.1215592408107
53.45067844,24.8890429,21543.255239909082,2024-10-25T14:25:00Z,EY86,194.5275346,1729866300,119.20623028953605,2524.6737307928142
53.55217128,24.83757153,20279.442991461838,2024-10-25T14:26:00Z,EY86,190.139382,1729866360,119.1816641866244,2531.0102087562946
53.65362312,24.78584541,19097.94569643608,2024-10-25T14:27:00Z,EY86,186.0590993,1729866420,119.3020320532267,2537.3541438684724
53.75333687,24.7348644,17765.34217938332,2024-10-25T14:28:00Z,EY86,182.7288166,1729866480,119.360137773296,2543.595457806314
53.84791675,24.6865451,16362.5768195342,2024-10-25T14:29:00Z,EY86,178.569773,1729866540,119.33278313172121,2549.51613390429
53.94161143,24.64082147,14906.382284747,2024-10-25T14:30:00Z,EY86,172.7876253,1729866600,118.21603104748198,2555.321585080412
54.03510093,24.59953029,13555.895338644279,2024-10-25T14:31:00Z,EY86,166.4467729,1729866660,115.89257438677578,2560.998455829825
54.12779467,24.56097304,12361.316589787839,2024-10-25T14:32:00Z,EY86,161.1628843,1729866720,114.56078675001072,2566.5679542983185
54.21484569,24.52707221,11440.93074996804,2024-10-25T14:33:00Z,EY86,155.0200622,1729866780,113.15866375379142,2571.74400581966
54.2981122,24.49739155,10461.25265103304,2024-10-25T14:34:00Z,EY86,148.7586566,1729866840,111.37609239716369,2576.6340903630903
54.37837966,24.46964673,9240.0277070982,2024-10-25T14:35:00Z,EY86,143.4025904,1729866900,110.7804745171681,2581.330406139891
54.45763002,24.44216551,8112.6681729912,2024-10-25T14:36:00Z,EY86,138.6699364,1729866960,110.83756768078655,2585.969957307898
54.5298819,24.41016157,7214.205978886081,2024-10-25T14:37:00Z,EY86,129.1267978,1729867020,115.92766399879036,2590.3650969588025
54.59333094,24.369215,6177.610289547039,2024-10-25T14:38:00Z,EY86,120.3737611,1729867080,125.30755649355285,2594.616651143775
54.65404248,24.32581049,4962.4113464612,2024-10-25T14:39:00Z,EY86,110.6520716,1729867140,128.1095380666801,2598.8362268814108
54.71418429,24.28956859,4116.59446572052,2024-10-25T14:40:00Z,EY86,103.5002901,1729867200,123.46134979858232,2602.781387267364
54.76718663,24.28630302,3288.64443266444,2024-10-25T14:41:00Z,EY86,98.10064599,1729867260,93.85610295616175,2605.69346051845
54.79575897,24.32593932,2661.480340088628,2024-10-25T14:42:00Z,EY86,91.8908894,1729867320,33.297640126096326,2608.5345879737524
54.77825585,24.36540706,2319.12440820148,2024-10-25T14:43:00Z,EY86,80.62576992,1729867380,338.0027933471034,2611.0824467487837
54.7414541,24.39180368,1653.933315064972,2024-10-25T14:44:00Z,EY86,71.03475612,1729867440,308.22727043252297,2613.643024712209
54.7068897,24.41640922,914.6601503321159,2024-10-25T14:45:00Z,EY86,59.08614933,1729867500,308.02254127863483,2616.0407823812366
54.67454257,24.43927818,246.36210030484682,2024-10-25T14:46:00Z,EY86,,1729867560,307.83586411982594,2618.2786737299557
54.65435011,24.45274633,51.5292407565472,2024-10-25T14:47:00Z,EY86,,1729867620,306.2333641925934,2619.646546925354
54.64736483,24.45593427,48.2653924893744,2024-10-25T14:48:00Z,EY86,,1729867680,296.62859852141116,2620.073864697301
54.64926373,24.45394955,0.26432956554516,2024-10-25T14:49:00Z,EY86,,1729867740,138.94615414920065,2620.2316547169103
54.65035475,24.45078985,0.0,2024-10-25T14:50:00Z,EY86,,1729867800,162.55071851751723,2620.429845886637
54.648779,24.44794438,0.0,2024-10-25T14:51:00Z,EY86,,1729867860,206.75375285269362,2620.6206461486
