longitude,latitude,Altitude,UTC,Callsign,true_airspeed,Timestamp,Direction,nautical_miles
12.24129409,41.79475591,0,2024-10-25T08:53:00Z,EY86,,1729846380,0,0
12.24128174,41.79473667,0,2024-10-25T08:54:00Z,EY86,,1729846440,205.573647,0.001280089
12.24126938,41.79471744,0,2024-10-25T08:55:00Z,EY86,,1729846500,205.603322,0.002559832
12.24125703,41.7946982,0,2024-10-25T08:56:00Z,EY86,,1729846560,205.5736604,0.003839922
12.24124468,41.79467897,0,2024-10-25T08:57:00Z,EY86,,1729846620,205.5852676,0.00511947
12.24123232,41.79465973,0,2024-10-25T08:58:00Z,EY86,,1729846680,205.5917358,0.006399754
12.24121997,41.7946405,0,2024-10-25T08:59:00Z,EY86,,1729846740,205.585281,0.007679303
12.24120762,41.79462126,0,2024-10-25T09:00:00Z,EY86,,1729846800,205.5736872,0.008959393
12.24119526,41.79460203,0,2024-10-25T09:01:00Z,EY86,,1729846860,205.6033623,0.010239136
12.24118291,41.79458279,0,2024-10-25T09:02:00Z,EY86,,1729846920,205.5737006,0.011519226
12.24117056,41.79456356,0,2024-10-25T09:03:00Z,EY86,,1729846980,205.5853078,0.012798775
12.24115821,41.79454432,0,2024-10-25T09:04:00Z,EY86,,1729847040,205.573714,0.014078865
12.24091964,41.79388582,0,2024-10-25T09:05:00Z,EY86,,1729847100,195.1152716,0.054996533
12.24106442,41.79368119,0,2024-10-25T09:06:00Z,EY86,,1729847160,152.188708,0.068882761
12.24101089,41.79365219,0,2024-10-25T09:07:00Z,EY86,,1729847220,233.9960572,0.071848652
12.24095736,41.79362319,0,2024-10-25T09:08:00Z,EY86,,1729847280,233.9960695,0.074814545
12.24090383,41.7935942,0,2024-10-25T09:09:00Z,EY86,,1729847340,234.0054785,0.077780086
12.2405365,41.7935335,0,2024-10-25T09:10:00Z,EY86,,1729847400,257.5029162,0.09466305
12.23923233,41.79575611,0,2024-10-25T09:11:00Z,EY86,,1729847460,336.372857,0.240243177
12.24100656,41.79761589,0,2024-10-25T09:12:00Z,EY86,,1729847520,35.42063908,0.377284147
12.242421,41.799431,0,2024-10-25T09:13:00Z,EY86,,1729847580,30.15320078,0.503295953
12.24523886,41.80110171,0,2024-10-25T09:14:00Z,EY86,,1729847640,51.50262148,0.664633326
12.25108867,41.80216233,0,2024-10-25T09:15:00Z,EY86,,1729847700,76.32811689,0.934737292
12.25749533,41.80393367,0,2024-10-25T09:16:00Z,EY86,,1729847760,69.64802979,1.241226195
12.26013,41.804661,0,2024-10-25T09:17:00Z,EY86,,1729847820,69.67751042,1.367241156
12.2642075,41.805785,0,2024-10-25T09:18:00Z,EY86,,1729847880,69.70393954,1.562229484
12.26916733,41.807152,0,2024-10-25T09:19:00Z,EY86,,1729847940,69.70631375,1.799402679
12.27050806,41.80781131,0,2024-10-25T09:20:00Z,EY86,,1729848000,56.58557085,1.871392856
12.27046353,41.80792616,0,2024-10-25T09:21:00Z,EY86,,1729848060,343.8805737,1.878564682
12.270419,41.808041,0,2024-10-25T09:22:00Z,EY86,,1729848120,343.8792704,1.885735932
12.27019339,41.80852358,0,2024-10-25T09:23:00Z,EY86,,1729848180,340.7881145,1.916396935
12.27013229,41.80863917,0,2024-10-25T09:24:00Z,EY86,,1729848240,338.49557,1.923851611
12.26908444,41.80953811,0,2024-10-25T09:25:00Z,EY86,,1729848300,319.0148882,1.99538504
12.26876204,41.80942748,0,2024-10-25T09:26:00Z,EY86,,1729848360,245.2801087,2.011299788
12.26547075,41.80852525,0,2024-10-25T09:27:00Z,EY86,,1729848420,249.8090039,2.168578711
12.20991233,41.79201233,1075.000069,2024-10-25T09:28:00Z,EY86,,1729848480,248.2815331,4.851271282
12.16817,41.746933,3208.333539,2024-10-25T09:29:00Z,EY86,111.7808884,1729848540,214.6436717,8.140838805
12.17113389,41.68177322,4941.666983,2024-10-25T09:30:00Z,EY86,134.0079088,1729848600,178.0543187,12.05085726
12.17506573,41.6076632,7740.000495,2024-10-25T09:31:00Z,EY86,146.0901339,1729848660,177.7283199,16.4988327
12.17504433,41.53205967,10358.334,2024-10-25T09:32:00Z,EY86,157.9812645,1729848720,180.0121405,21.0327985
12.1493835,41.45089397,12640.44198,2024-10-25T09:33:00Z,EY86,170.3554715,1729848780,193.3316287,26.03589534
12.12974055,41.36551773,15379.54644,2024-10-25T09:34:00Z,EY86,182.0367422,1729848840,189.7970454,31.23202783
12.13916,41.274719,17750.00114,2024-10-25T09:35:00Z,EY86,192.5474701,1729848900,175.5418604,36.69364369
12.230652,41.201065,19350.00124,2024-10-25T09:36:00Z,EY86,201.5116994,1729848960,136.9213563,42.74836442
12.35692788,41.14155738,21414.06387,2024-10-25T09:37:00Z,EY86,211.8408995,1729849020,122.0067807,49.49167614
12.48978814,41.07829043,23150.00148,2024-10-25T09:38:00Z,EY86,222.9430427,1729849080,122.2498246,56.61224219
12.62994921,41.01098588,24681.06219,2024-10-25T09:39:00Z,EY86,231.6627293,1729849140,122.4386755,64.14735723
12.77040927,40.9432372,26546.66836,2024-10-25T09:40:00Z,EY86,238.3366742,1729849200,122.5275121,71.71368349
12.91503958,40.87323267,28240.15332,2024-10-25T09:41:00Z,EY86,243.2833947,1729849260,122.5900434,79.51826329
13.06640827,40.79969873,29800.00191,2024-10-25T09:42:00Z,EY86,246.0420385,1729849320,122.6547017,87.70134842
13.21503009,40.72716367,31532.57778,2024-10-25T09:43:00Z,EY86,248.9153809,1729849380,122.7478568,95.75301055
13.36502441,40.65351482,33025.00211,2024-10-25T09:44:00Z,EY86,249.5165133,1729849440,122.8766868,103.8996978
13.51278153,40.58062271,33000.00211,2024-10-25T09:45:00Z,EY86,249.6636031,1729849500,122.9716984,111.9421666
13.660075,40.50758333,33000.00211,2024-10-25T09:46:00Z,EY86,250.0739998,1729849560,123.0785691,119.9777762
13.80994724,40.433018,33000.00211,2024-10-25T09:47:00Z,EY86,249.612513,1729849620,123.1360507,128.1684255
13.95541688,40.36025903,33000.00211,2024-10-25T09:48:00Z,EY86,250.3039995,1729849680,123.2477939,136.1371161
14.105548,40.2847459,33000.00211,2024-10-25T09:49:00Z,EY86,251.0549116,1729849740,123.3651099,144.3813287
14.25346881,40.21006829,33000.00211,2024-10-25T09:50:00Z,EY86,250.8048026,1729849800,123.4342732,152.5195159
14.39860606,40.13637412,33000.00211,2024-10-25T09:51:00Z,EY86,251.5741059,1729849860,123.557841,160.5245355
14.54612882,40.061192,33000.00211,2024-10-25T09:52:00Z,EY86,251.1113863,1729849920,123.6256287,168.6764343
14.6934205,39.985691,33000.00211,2024-10-25T09:53:00Z,EY86,251.2654899,1729849980,123.7499962,176.8362531
14.83956548,39.91054697,33000.00211,2024-10-25T09:54:00Z,EY86,252.3231621,1729850040,123.8027382,184.946352
14.98593352,39.83489181,33000.00211,2024-10-25T09:55:00Z,EY86,251.9604342,1729850100,123.912906,193.0881752
15.13892173,39.76732239,33000.00211,2024-10-25T09:56:00Z,EY86,252.5464365,1729850160,119.844781,201.2404291
15.30291888,39.71623463,33000.00211,2024-10-25T09:57:00Z,EY86,252.9935198,1729850220,112.0017851,209.4252307
15.4687993,39.665931,33000.00211,2024-10-25T09:58:00Z,EY86,253.2018676,1729850280,111.4559535,217.6788465
15.63061324,39.61666209,33000.00211,2024-10-25T09:59:00Z,EY86,252.7633426,1729850340,111.5221844,225.7394804
15.79622912,39.56594121,33000.00211,2024-10-25T10:00:00Z,EY86,252.7787271,1729850400,111.6210941,234.0011141
15.96078641,39.51522335,33000.00211,2024-10-25T10:01:00Z,EY86,252.4990362,1729850460,111.7322559,242.222205
16.1249466,39.4644302,33000.00211,2024-10-25T10:02:00Z,EY86,252.6290605,1729850520,111.7950785,250.4329888
16.28638645,39.41400123,33000.00211,2024-10-25T10:03:00Z,EY86,252.3699607,1729850580,111.9704525,258.5233997
16.45068333,39.36253867,33000.00211,2024-10-25T10:04:00Z,EY86,252.6838051,1729850640,112.009773,266.7652991
16.61532807,39.31061067,33000.00211,2024-10-25T10:05:00Z,EY86,252.8225218,1729850700,112.1326211,275.0378937
16.77690745,39.25896061,33000.00211,2024-10-25T10:06:00Z,EY86,253.8262886,1729850760,112.3889537,283.1772169
16.93974877,39.20661377,33000.00211,2024-10-25T10:07:00Z,EY86,253.5371312,1729850820,112.4874051,291.3919852
17.1028209,39.15397239,33000.00211,2024-10-25T10:08:00Z,EY86,252.9695634,1729850880,112.5573989,299.62867
17.26459588,39.10143333,33000.00211,2024-10-25T10:09:00Z,EY86,252.8940974,1729850940,112.6657006,307.8122981
17.42775625,39.04813188,33000.00211,2024-10-25T10:10:00Z,EY86,253.4443553,1729851000,112.7701871,316.0784777
17.58953319,38.99496155,33000.00211,2024-10-25T10:11:00Z,EY86,252.8488176,1729851060,112.8794114,324.2872409
17.7508087,38.94162124,33000.00211,2024-10-25T10:12:00Z,EY86,253.5602916,1729851120,112.9938187,332.4835681
17.91141215,38.88822185,33000.00211,2024-10-25T10:13:00Z,EY86,253.6475538,1729851180,113.0877301,340.6575084
18.07546076,38.83336347,33000.00211,2024-10-25T10:14:00Z,EY86,253.3994234,1729851240,113.1897624,349.0195174
18.23424233,38.77999294,33000.00211,2024-10-25T10:15:00Z,EY86,253.8449066,1729851300,113.282536,357.1246782
18.39740221,38.72484555,33000.00211,2024-10-25T10:16:00Z,EY86,254.7641136,1729851360,113.3811707,365.465885
18.55816682,38.66934491,33000.00211,2024-10-25T10:17:00Z,EY86,253.731627,1729851420,113.8114292,373.7178235
18.70184006,38.59470373,33000.00211,2024-10-25T10:18:00Z,EY86,253.7385164,1729851480,123.58114,381.8200061
18.82841867,38.50000533,33000.00211,2024-10-25T10:19:00Z,EY86,253.1748187,1729851540,133.6894175,390.049124
18.95457635,38.40306076,33000.00211,2024-10-25T10:20:00Z,EY86,253.5219112,1729851600,134.4181343,398.3630659
19.08215071,38.31031512,33000.00211,2024-10-25T10:21:00Z,EY86,254.3622172,1729851660,132.7938226,406.5577198
19.20910645,38.21687818,33000.00211,2024-10-25T10:22:00Z,EY86,254.1182705,1729851720,133.1085416,414.7647237
19.33517888,38.12315935,33000.00211,2024-10-25T10:23:00Z,EY86,254.1086835,1729851780,133.3579159,422.9583405
19.46226881,38.02838961,33000.00211,2024-10-25T10:24:00Z,EY86,254.8124433,1729851840,133.4097969,431.2357595
19.5891055,37.9334545,33000.00211,2024-10-25T10:25:00Z,EY86,254.7852586,1729851900,133.4798553,439.5168347
19.71403133,37.83963033,33000.00211,2024-10-25T10:26:00Z,EY86,255.2817109,1729851960,133.5413279,447.6917511
19.84078633,37.74406173,33000.00211,2024-10-25T10:27:00Z,EY86,255.3982786,1729852020,133.6153063,456.0071789
19.96786159,37.64792294,33000.00211,2024-10-25T10:28:00Z,EY86,255.5949622,1729852080,133.6762501,464.3627802
20.0922599,37.55334174,33000.00211,2024-10-25T10:29:00Z,EY86,256.1726997,1729852140,133.7822718,472.5671288
20.218006,37.45746226,33000.00211,2024-10-25T10:30:00Z,EY86,256.2399156,1729852200,133.8271486,480.8771504
20.34329828,37.3614495,33000.00211,2024-10-25T10:31:00Z,EY86,255.7814885,1729852260,133.9339126,489.182516
20.46860535,37.26506256,33000.00211,2024-10-25T10:32:00Z,EY86,256.3446499,1729852320,134.0052728,497.5093848
20.593185,37.1688515,33000.00211,2024-10-25T10:33:00Z,EY86,256.2169319,1729852380,134.0833691,505.8092784
20.71785391,37.07228358,33000.00211,2024-10-25T10:34:00Z,EY86,256.3270727,1729852440,134.1324072,514.132504
20.84103406,36.97642059,33000.00211,2024-10-25T10:35:00Z,EY86,256.2986849,1729852500,134.2308275,522.3803294
20.96498324,36.87952294,33000.00211,2024-10-25T10:36:00Z,EY86,256.4178348,1729852560,134.3236165,530.7031886
21.08807124,36.78311521,33000.00211,2024-10-25T10:37:00Z,EY86,256.2962078,1729852620,134.3422195,538.9811694
21.21153564,36.68597824,33000.00211,2024-10-25T10:38:00Z,EY86,256.5155335,1729852680,134.4344063,547.3079338
21.33469668,36.58859465,33000.00211,2024-10-25T10:39:00Z,EY86,256.2530138,1729852740,134.5414549,555.6398649
21.457758,36.4909745,33000.00211,2024-10-25T10:40:00Z,EY86,256.6328397,1729852800,134.5980834,563.9835614
21.58007753,36.39352453,33000.00211,2024-10-25T10:41:00Z,EY86,256.4334719,1729852860,134.6855298,572.2997663
21.70224324,36.29592106,33000.00211,2024-10-25T10:42:00Z,EY86,255.8443573,1729852920,134.7308523,580.6223257
21.8236996,36.1985003,33025.00211,2024-10-25T10:43:00Z,EY86,255.5176923,1729852980,134.8084841,588.9178854
21.94632924,36.09965965,33776.47275,2024-10-25T10:44:00Z,EY86,255.2772045,1729853040,134.911424,597.318992
22.06772207,36.0016172,35025.00224,2024-10-25T10:45:00Z,EY86,254.8019313,1729853100,134.9340942,605.6489133
22.18749612,35.9043643,35000.00224,2024-10-25T10:46:00Z,EY86,255.2927404,1729853160,135.05213,613.8946811
22.30801267,35.80619667,35000.00224,2024-10-25T10:47:00Z,EY86,254.2534589,1729853220,135.1077726,622.2098135
22.42831624,35.70783659,35000.00224,2024-10-25T10:48:00Z,EY86,254.3160877,1729853280,135.1792533,630.5308084
22.5477445,35.60985575,35000.00224,2024-10-25T10:49:00Z,EY86,254.5395301,1729853340,135.2428387,638.8105231
22.66943985,35.50966115,35000.00224,2024-10-25T10:50:00Z,EY86,254.5281299,1729853400,135.3081163,647.2675506
22.787281,35.412239,35000.00224,2024-10-25T10:51:00Z,EY86,254.8904731,1729853460,135.3921626,655.4787013
22.90733041,35.31255312,35000.00224,2024-10-25T10:52:00Z,EY86,255.374392,1729853520,135.4827404,663.8673616
23.02648553,35.2133415,35000.00224,2024-10-25T10:53:00Z,EY86,254.2062463,1729853580,135.525441,672.2099377
23.14561426,35.11391545,35000.00224,2024-10-25T10:54:00Z,EY86,254.9237975,1729853640,135.5586747,680.5656926
23.2655675,35.0132675,35000.00224,2024-10-25T10:55:00Z,EY86,254.9675799,1729853700,135.6756505,689.0070787
23.38503913,34.91270932,35000.00224,2024-10-25T10:56:00Z,EY86,255.3504426,1729853760,135.7303071,697.4330003
23.5013388,34.81439703,35000.00224,2024-10-25T10:57:00Z,EY86,255.4571284,1729853820,135.8203592,705.6581481
23.62004984,34.71385929,35000.00224,2024-10-25T10:58:00Z,EY86,254.8112917,1729853880,135.8385204,714.0667065
23.73873652,34.61286371,35000.00224,2024-10-25T10:59:00Z,EY86,254.9291402,1729853940,135.9396987,722.498977
23.85748575,34.51138731,35000.00224,2024-10-25T11:00:00Z,EY86,255.4995482,1729854000,136.0257467,730.958977
23.975258,34.410435,35000.00224,2024-10-25T11:01:00Z,EY86,255.5387266,1729854060,136.0796036,739.3675917
24.0914975,34.310509,35000.00224,2024-10-25T11:02:00Z,EY86,255.6159561,1729854120,136.1282368,747.6838826
24.209462,34.20876239,35000.00224,2024-10-25T11:03:00Z,EY86,255.663073,1729854180,136.188619,756.1429441
24.3256911,34.1081389,35000.00224,2024-10-25T11:04:00Z,EY86,255.6378459,1729854240,136.2613193,764.4984164
24.44207503,34.00675709,35000.00224,2024-10-25T11:05:00Z,EY86,256.4949435,1729854300,136.4039467,772.8967158
24.555565,33.90249667,35000.00224,2024-10-25T11:06:00Z,EY86,256.5572626,1729854360,137.8891269,781.3274773
24.66781265,33.79706194,35000.00224,2024-10-25T11:07:00Z,EY86,257.2657019,1729854420,138.4867152,789.7736633
24.779377,33.692741,35000.00224,2024-10-25T11:08:00Z,EY86,257.3094532,1729854480,138.323756,798.1517732
24.89229124,33.58700621,35000.00224,2024-10-25T11:09:00Z,EY86,257.5495355,1729854540,138.3295175,806.6425274
25.00445284,33.48168516,35000.00224,2024-10-25T11:10:00Z,EY86,257.5627395,1729854600,138.3737403,815.094167
25.11677858,33.37562477,35000.00224,2024-10-25T11:11:00Z,EY86,257.8634228,1729854660,138.4964334,823.5888262
25.2274169,33.27070206,35000.00224,2024-10-25T11:12:00Z,EY86,257.2674999,1729854720,138.5862099,831.9806628
25.3389585,33.16475059,35000.00224,2024-10-25T11:13:00Z,EY86,258.1153307,1729854780,138.5979441,840.4531209
25.44964417,33.0591239,35000.00224,2024-10-25T11:14:00Z,EY86,257.9295761,1729854840,138.6956201,848.88683
25.56002763,32.95345325,35000.00224,2024-10-25T11:15:00Z,EY86,258.3654649,1729854900,138.7511729,857.316761
25.6688891,32.8489058,35000.00224,2024-10-25T11:16:00Z,EY86,259.0644728,1729854960,138.8087104,865.6496866
25.78127825,32.74068525,35000.00224,2024-10-25T11:17:00Z,EY86,259.0379262,1729855020,138.848724,874.2698669
25.89084959,32.63482381,35000.00224,2024-10-25T11:18:00Z,EY86,258.9641446,1729855080,138.9105962,882.6941624
26.00056777,32.52840948,35000.00224,2024-10-25T11:19:00Z,EY86,258.8896747,1729855140,138.9867834,891.1525166
26.11176077,32.42011716,35000.00224,2024-10-25T11:20:00Z,EY86,257.555006,1729855200,139.0700447,899.7490943
26.22011681,32.31438606,35000.00224,2024-10-25T11:21:00Z,EY86,256.989673,1729855260,139.0914081,908.1396366
26.32567195,32.20697997,35000.00224,2024-10-25T11:22:00Z,EY86,256.1435667,1729855320,140.2433565,916.5181788
26.42440847,32.09714987,35000.00224,2024-10-25T11:23:00Z,EY86,254.9205255,1729855380,142.6981383,924.797109
26.52314498,31.98731977,35000.00224,2024-10-25T11:24:00Z,EY86,254.5476074,1729855440,142.6650161,933.0796078
26.6218815,31.87748968,35000.00224,2024-10-25T11:25:00Z,EY86,254.1726859,1729855500,142.6320166,941.3656669
26.72061801,31.76765958,35000.00224,2024-10-25T11:26:00Z,EY86,254.2385187,1729855560,142.5991584,949.6552785
26.81935452,31.65782948,35000.00224,2024-10-25T11:27:00Z,EY86,254.2145213,1729855620,142.5664254,957.9484339
26.91704439,31.54764931,35000.00224,2024-10-25T11:28:00Z,EY86,254.2273744,1729855680,142.9160848,966.2292218
27.01451649,31.43739631,35000.00224,2024-10-25T11:29:00Z,EY86,254.213522,1729855740,142.9633687,974.5102002
27.11198859,31.32714331,35000.00224,2024-10-25T11:30:00Z,EY86,254.1379736,1729855800,142.9310465,982.7946259
27.20946069,31.21689031,35000.00224,2024-10-25T11:31:00Z,EY86,254.1174797,1729855860,142.898854,991.0824906
27.30693279,31.10663731,35000.00224,2024-10-25T11:32:00Z,EY86,254.0893919,1729855920,142.8667909,999.3737858
27.40396981,30.99623919,35000.00224,2024-10-25T11:33:00Z,EY86,254.0581554,1729855980,142.9944625,1007.661869
27.50021825,30.88557805,35000.00224,2024-10-25T11:34:00Z,EY86,254.0298621,1729856040,143.2526779,1015.94143
27.59646669,30.7749169,35000.00224,2024-10-25T11:35:00Z,EY86,254.4037748,1729856100,143.221031,1024.224329
27.69271513,30.66425576,35000.00224,2024-10-25T11:36:00Z,EY86,254.7994712,1729856160,143.1895079,1032.510556
27.78896357,30.55359461,35000.00224,2024-10-25T11:37:00Z,EY86,255.9156938,1729856220,143.1581184,1040.800103
27.88521202,30.44293347,35000.00224,2024-10-25T11:38:00Z,EY86,256.5052449,1729856280,143.1268494,1049.092963
27.98529482,30.33295562,35000.00224,2024-10-25T11:39:00Z,EY86,257.4798953,1729856340,141.8424955,1057.478265
28.0855535,30.223147,35000.00224,2024-10-25T11:40:00Z,EY86,257.9780241,1729856400,141.7195224,1065.864801
28.18740576,30.11126133,35000.00224,2024-10-25T11:41:00Z,EY86,258.6690558,1729856460,141.7705028,1074.4038
28.28729345,30.00129136,35000.00224,2024-10-25T11:42:00Z,EY86,259.2895469,1729856520,141.8012566,1082.792992
28.389318,29.890167,35000.00224,2024-10-25T11:43:00Z,EY86,261.7816244,1729856580,141.4707901,1091.309086
28.51116845,29.79791909,35000.00224,2024-10-25T11:44:00Z,EY86,262.0717051,1729856640,131.0843627,1099.729998
28.63982491,29.71164079,35000.00224,2024-10-25T11:45:00Z,EY86,261.7812407,1729856700,127.6524242,1108.204384
28.76913616,29.62464559,35000.00224,2024-10-25T11:46:00Z,EY86,261.3673434,1729856760,127.7171003,1116.736596
28.89971938,29.53655132,35000.00224,2024-10-25T11:47:00Z,EY86,261.2489957,1729856820,127.7695051,1125.366259
29.028942,29.450409,35000.00224,2024-10-25T11:48:00Z,EY86,263.5027728,1729856880,127.4154837,1133.872904
29.183596,29.416306,35000.00224,2024-10-25T11:49:00Z,EY86,264.3510675,1729856940,104.1702129,1142.22864
29.34503712,29.41426759,35000.00224,2024-10-25T11:50:00Z,EY86,263.4920564,1729857000,90.79079827,1150.689218
29.50568435,29.41246345,35000.00224,2024-10-25T11:51:00Z,EY86,262.5250396,1729857060,90.69918366,1159.108166
29.66751494,29.41023294,35000.00224,2024-10-25T11:52:00Z,EY86,262.8414298,1729857120,90.86673431,1167.589651
29.83006738,29.40770588,35000.00224,2024-10-25T11:53:00Z,EY86,261.7532913,1729857180,90.98246897,1176.109453
29.99217052,29.40499436,35000.00224,2024-10-25T11:54:00Z,EY86,262.8022283,1729857240,91.06020377,1184.606135
30.15143426,29.40216259,35000.00224,2024-10-25T11:55:00Z,EY86,263.7810031,1729857300,91.13011714,1192.954414
30.31311175,29.398002,35000.00224,2024-10-25T11:56:00Z,EY86,263.0468749,1729857360,91.65222502,1201.431417
30.45757475,29.34359,35000.00224,2024-10-25T11:57:00Z,EY86,262.4798846,1729857420,113.3387491,1209.675221
30.57725424,29.24385094,35000.00224,2024-10-25T11:58:00Z,EY86,263.4635566,1729857480,133.6695392,1218.338693
30.69667582,29.14275942,35000.00224,2024-10-25T11:59:00Z,EY86,264.5704831,1729857540,134.0889327,1227.052736
30.81563038,29.04221044,35000.00224,2024-10-25T12:00:00Z,EY86,265.7528497,1729857600,134.019157,1235.730918
30.93458764,28.94160839,35000.00224,2024-10-25T12:01:00Z,EY86,265.9887744,1729857660,134.005798,1244.415714
31.0522328,28.841766,35000.00224,2024-10-25T12:02:00Z,EY86,265.2981106,1729857720,134.0790545,1253.023477
31.17164091,28.740176,35000.00224,2024-10-25T12:03:00Z,EY86,264.5373184,1729857780,134.121961,1261.774977
31.28973282,28.64254745,35000.00224,2024-10-25T12:04:00Z,EY86,264.3352051,1729857840,133.2739815,1270.316999
31.41359494,28.54542976,35000.00224,2024-10-25T12:05:00Z,EY86,264.0306538,1729857900,131.7350313,1279.067734
31.5342847,28.44960588,35000.00224,2024-10-25T12:06:00Z,EY86,263.1054765,1729857960,132.0668055,1287.646216
31.65370171,28.35394518,35000.00224,2024-10-25T12:07:00Z,EY86,263.4303995,1729858020,132.2950616,1296.172371
31.77423317,28.25695664,35000.00224,2024-10-25T12:08:00Z,EY86,263.4676513,1729858080,132.3972676,1304.799804
31.89322245,28.16119518,35000.00224,2024-10-25T12:09:00Z,EY86,262.8969453,1729858140,132.3760606,1313.32155
32.012857,28.06603283,35000.00224,2024-10-25T12:10:00Z,EY86,265.0970663,1729858200,132.0174079,1321.848786
32.14831547,27.98689906,35000.00224,2024-10-25T12:11:00Z,EY86,265.5160724,1729858260,123.4647961,1330.460153
32.2931574,27.91710333,35000.00224,2024-10-25T12:12:00Z,EY86,266.6794232,1729858320,118.5791507,1339.216445
32.43296868,27.84946668,35000.00224,2024-10-25T12:13:00Z,EY86,267.4550825,1729858380,118.6597517,1347.680296
32.5826605,27.7768185,35000.00224,2024-10-25T12:14:00Z,EY86,268.9766979,1729858440,118.719009,1356.753402
32.72706045,27.70637682,35000.00224,2024-10-25T12:15:00Z,EY86,269.3594092,1729858500,118.8289693,1365.520536
32.87219375,27.635449,35000.00224,2024-10-25T12:16:00Z,EY86,271.2502621,1729858560,118.8570802,1374.340236
33.01564014,27.56505314,35000.00224,2024-10-25T12:17:00Z,EY86,270.0922451,1729858620,118.9428771,1383.070136
33.16286567,27.49258767,35000.00224,2024-10-25T12:18:00Z,EY86,269.9193453,1729858680,118.9984681,1392.04067
33.3079609,27.42082121,35000.00224,2024-10-25T12:19:00Z,EY86,271.488959,1729858740,119.1019329,1400.895921
33.45371194,27.34862773,35000.00224,2024-10-25T12:20:00Z,EY86,273.1416969,1729858800,119.1206543,1409.798565
33.59782345,27.27691348,35000.00224,2024-10-25T12:21:00Z,EY86,273.4296047,1729858860,119.218787,1418.61507
33.7402246,27.2061995,35000.00224,2024-10-25T12:22:00Z,EY86,274.2990553,1729858920,119.1521858,1427.326819
33.896071,27.14250747,35000.00224,2024-10-25T12:23:00Z,EY86,274.4007981,1729858980,114.6380654,1436.495652
34.05381073,27.0862608,35000.00224,2024-10-25T12:24:00Z,EY86,275.413418,1729859040,111.7953869,1445.586682
34.210124,27.03035929,35000.00224,2024-10-25T12:25:00Z,EY86,276.3362716,1729859100,111.8438513,1454.602986
34.36790903,26.97371403,35000.00224,2024-10-25T12:26:00Z,EY86,275.988548,1729859160,111.9099305,1463.712917
34.523464,26.91763445,35000.00224,2024-10-25T12:27:00Z,EY86,275.5089605,1729859220,111.9840337,1472.703173
34.67983773,26.861017,35000.00224,2024-10-25T12:28:00Z,EY86,275.9791893,1729859280,112.0596246,1481.75003
34.83425515,26.80492818,35000.00224,2024-10-25T12:29:00Z,EY86,275.6486352,1729859340,112.1143131,1490.691532
34.9910022,26.74782383,35000.00224,2024-10-25T12:30:00Z,EY86,276.6119949,1729859400,112.1633346,1499.775598
35.14536971,26.69124124,35000.00224,2024-10-25T12:31:00Z,EY86,279.430605,1729859460,112.2767704,1508.733355
35.30145721,26.63380831,35000.00224,2024-10-25T12:32:00Z,EY86,281.7026446,1729859520,112.3436582,1517.799752
35.45601638,26.57835781,35000.00224,2024-10-25T12:33:00Z,EY86,281.9157678,1729859580,111.8287884,1526.749305
35.621586,26.547298,35000.00224,2024-10-25T12:34:00Z,EY86,279.7978219,1729859640,101.8080445,1535.848544
35.79830888,26.56591335,35000.00224,2024-10-25T12:35:00Z,EY86,279.1677478,1729859700,83.24422539,1545.421581
35.97008058,26.59309548,35000.00224,2024-10-25T12:36:00Z,EY86,278.9170477,1729859760,79.92716377,1554.80341
36.14488012,26.62402564,35000.00224,2024-10-25T12:37:00Z,EY86,278.9573617,1729859820,78.76626465,1564.384118
36.31796341,26.64408482,35000.00224,2024-10-25T12:38:00Z,EY86,278.9151202,1729859880,82.57397784,1573.767131
36.48508867,26.621919,35000.00224,2024-10-25T12:39:00Z,EY86,280.0121671,1729859940,98.40210519,1582.850153
36.6394476,26.5661238,35000.00224,2024-10-25T12:40:00Z,EY86,277.1112837,1729860000,111.9755374,1591.798185
36.79388658,26.51180421,35000.00224,2024-10-25T12:41:00Z,EY86,274.4892301,1729860060,111.4276427,1600.721359
36.94915452,26.46634345,35000.00224,2024-10-25T12:42:00Z,EY86,274.4795036,1729860120,108.0799161,1609.511297
37.11058779,26.43000591,35000.00224,2024-10-25T12:43:00Z,EY86,274.2204427,1729860180,104.0760787,1618.472552
37.27476645,26.40556148,35000.00224,2024-10-25T12:44:00Z,EY86,274.4470368,1729860240,99.40256822,1627.436391
37.44009729,26.39262676,35000.00224,2024-10-25T12:45:00Z,EY86,275.3305081,1729860300,94.95499767,1636.377186
37.61062607,26.38182293,35000.00224,2024-10-25T12:46:00Z,EY86,276.5397876,1729860360,94.00752451,1645.588117
37.78008952,26.38066323,35000.00224,2024-10-25T12:47:00Z,EY86,276.4946318,1729860420,90.40001798,1654.719676
37.95145574,26.39050771,35000.00224,2024-10-25T12:48:00Z,EY86,276.0365855,1729860480,86.29270698,1663.971918
38.12058347,26.41478416,35000.00224,2024-10-25T12:49:00Z,EY86,274.4718722,1729860540,80.8578716,1673.198463
38.2934921,26.4472851,35000.00224,2024-10-25T12:50:00Z,EY86,274.4666449,1729860600,78.10682667,1682.712204
38.4630585,26.4649545,35000.00224,2024-10-25T12:51:00Z,EY86,276.1173741,1729860660,83.32330367,1691.904132
38.6279556,26.4376112,35000.00224,2024-10-25T12:52:00Z,EY86,273.2053114,1729860720,100.4560805,1700.933424
38.79432307,26.42827514,35000.00224,2024-10-25T12:53:00Z,EY86,270.5253951,1729860780,93.54893318,1709.911293
38.96080103,26.42025107,35000.00224,2024-10-25T12:54:00Z,EY86,269.8127327,1729860840,93.04376466,1718.891235
39.127279,26.412227,35000.00224,2024-10-25T12:55:00Z,EY86,271.1937647,1729860900,93.04356096,1727.871796
39.29375697,26.40420293,35000.00224,2024-10-25T12:56:00Z,EY86,273.4284404,1729860960,93.04335755,1736.852978
39.46023493,26.39617886,35000.00224,2024-10-25T12:57:00Z,EY86,274.9381541,1729861020,93.04315441,1745.834778
39.62687729,26.3893525,35000.00224,2024-10-25T12:58:00Z,EY86,274.0791081,1729861080,92.58131454,1754.822455
39.79740517,26.40512263,35000.00224,2024-10-25T12:59:00Z,EY86,274.9585499,1729861140,84.06758467,1764.058153
39.97072383,26.4209438,35000.00224,2024-10-25T13:00:00Z,EY86,276.0000269,1729861200,84.14176915,1773.442477
40.14314276,26.43642724,35000.00224,2024-10-25T13:01:00Z,EY86,277.7482339,1729861260,84.23505358,1782.775307
40.31437959,26.45162182,35000.00224,2024-10-25T13:02:00Z,EY86,278.0648989,1729861320,84.30214396,1792.041859
40.48561558,26.46664826,35000.00224,2024-10-25T13:03:00Z,EY86,277.5049003,1729861380,84.36359621,1801.306186
40.6566345,26.48141529,35000.00224,2024-10-25T13:04:00Z,EY86,276.9511489,1729861440,84.45202266,1810.556205
40.82934287,26.49613333,35000.00224,2024-10-25T13:05:00Z,EY86,276.7663111,1729861500,84.52249708,1819.895317
41.00068033,26.508873,35000.00224,2024-10-25T13:06:00Z,EY86,278.3793153,1729861560,85.21224748,1829.14937
41.17179209,26.50530435,35000.00224,2024-10-25T13:07:00Z,EY86,279.6455323,1729861620,91.29688372,1838.361944
41.34186855,26.49330936,35000.00224,2024-10-25T13:08:00Z,EY86,280.1121603,1729861680,94.46801926,1847.545016
41.51181812,26.48170491,35000.00224,2024-10-25T13:09:00Z,EY86,279.5111652,1729861740,94.32472707,1856.720413
41.68499279,26.48565994,35000.00224,2024-10-25T13:10:00Z,EY86,279.5001335,1729861800,88.49974615,1866.04644
41.85828488,26.49994188,35000.00224,2024-10-25T13:11:00Z,EY86,279.7262857,1729861860,84.70009398,1875.414096
42.03249467,26.51648,35000.00224,2024-10-25T13:12:00Z,EY86,279.172186,1729861920,83.90556099,1884.842911
42.204622,26.5405375,35000.00224,2024-10-25T13:13:00Z,EY86,278.7827,1729861980,81.08297488,1894.217099
42.37591935,26.56681312,35000.00224,2024-10-25T13:14:00Z,EY86,278.9310753,1729862040,80.23126146,1903.566562
42.54749739,26.57920836,35000.00224,2024-10-25T13:15:00Z,EY86,277.9769603,1729862100,85.34357102,1912.826224
42.71780716,26.58527941,35000.00224,2024-10-25T13:16:00Z,EY86,277.576531,1729862160,87.67925748,1921.994381
42.89033429,26.591503,35000.00224,2024-10-25T13:17:00Z,EY86,277.0747549,1729862220,87.65137963,1931.281584
43.06172,26.597842,35000.00224,2024-10-25T13:18:00Z,EY86,276.152024,1729862280,87.59305604,1940.507222
43.23046384,26.61313255,35000.00224,2024-10-25T13:19:00Z,EY86,275.5964858,1729862340,84.17531941,1949.628106
43.40097062,26.63623344,35000.00224,2024-10-25T13:20:00Z,EY86,273.821133,1729862400,81.3439577,1958.899861
43.56968967,26.66502133,35000.00224,2024-10-25T13:21:00Z,EY86,272.4141664,1729862460,79.15396062,1968.131929
43.73710353,26.69240133,35000.00224,2024-10-25T13:22:00Z,EY86,273.3663522,1729862520,79.59022755,1977.27745
43.90664624,26.69465024,35000.00224,2024-10-25T13:23:00Z,EY86,273.8775604,1729862580,89.11131667,1986.389311
44.07049333,26.6700604,35000.00224,2024-10-25T13:24:00Z,EY86,272.6671991,1729862640,99.49786791,1995.317007
44.23526061,26.65774061,35000.00224,2024-10-25T13:25:00Z,EY86,272.1972184,1729862700,94.74574763,2004.204158
44.40455633,26.65571833,35000.00224,2024-10-25T13:26:00Z,EY86,272.5490655,1729862760,90.72778716,2013.305477
44.572697,26.640892,35000.00224,2024-10-25T13:27:00Z,EY86,273.1674594,1729862820,95.59673874,2022.387982
44.739595,26.62068467,35000.00224,2024-10-25T13:28:00Z,EY86,274.2070205,1729862880,97.67606416,2031.442701
44.90726318,26.59925559,35000.00224,2024-10-25T13:29:00Z,EY86,273.4022818,1729862940,98.09765139,2040.55008
45.073948,26.578022,35000.00224,2024-10-25T13:30:00Z,EY86,273.6088357,1729863000,98.0701044,2049.605104
45.23947332,26.55692382,35000.00224,2024-10-25T13:31:00Z,EY86,273.4610543,1729863060,98.07357702,2058.598863
45.40659303,26.53533,35000.00224,2024-10-25T13:32:00Z,EY86,273.0936662,1729863120,98.18156549,2067.683371
45.570179,26.5139435,35000.00224,2024-10-25T13:33:00Z,EY86,272.9307562,1729863180,98.27642935,2076.579543
45.73757,26.49181409,35000.00224,2024-10-25T13:34:00Z,EY86,273.1495657,1729863240,98.36595459,2085.686444
45.90288259,26.46980662,35000.00224,2024-10-25T13:35:00Z,EY86,272.9747399,1729863300,98.42276298,2094.683283
46.068317,26.447479,35000.00224,2024-10-25T13:36:00Z,EY86,274.0242883,1729863360,98.5361584,2103.691118
46.23367318,26.42513088,35000.00224,2024-10-25T13:37:00Z,EY86,273.9625486,1729863420,98.54631801,2112.696666
46.39966736,26.40326145,35000.00224,2024-10-25T13:38:00Z,EY86,273.8736887,1729863480,98.33159228,2121.733693
46.56689447,26.39566753,35000.00224,2024-10-25T13:39:00Z,EY86,274.407153,1729863540,92.86510574,2130.75452
46.73571203,26.40259418,35000.00224,2024-10-25T13:40:00Z,EY86,275.003484,1729863600,87.33974407,2139.859046
46.90365521,26.40992736,35000.00224,2024-10-25T13:41:00Z,EY86,274.8816538,1729863660,87.17162909,2148.917105
47.07095994,26.41766185,35000.00224,2024-10-25T13:42:00Z,EY86,275.4595807,1729863720,87.00787788,2157.941423
47.24100906,26.42575706,35000.00224,2024-10-25T13:43:00Z,EY86,275.831086,1729863780,86.91931356,2167.113876
47.40999947,26.43231053,35000.00224,2024-10-25T13:44:00Z,EY86,275.6863095,1729863840,87.48267956,2176.224373
47.57661836,26.43864003,35000.00224,2024-10-25T13:45:00Z,EY86,276.1478463,1729863900,87.53366008,2185.206183
47.745825,26.44490694,35000.00224,2024-10-25T13:46:00Z,EY86,276.1177806,1729863960,87.59368248,2194.326593
47.91552221,26.45095247,35000.00224,2024-10-25T13:47:00Z,EY86,275.7479694,1729864020,87.68362486,2203.472383
48.08238321,26.45672568,35000.00224,2024-10-25T13:48:00Z,EY86,276.1840202,1729864080,87.74972201,2212.464457
48.25125279,26.46237173,35000.00224,2024-10-25T13:49:00Z,EY86,275.859196,1729864140,87.82358006,2221.563881
48.42086644,26.467768,35000.00224,2024-10-25T13:50:00Z,EY86,275.3838576,1729864200,87.9268076,2230.702369
48.58819952,26.47296185,35000.00224,2024-10-25T13:51:00Z,EY86,275.2260207,1729864260,87.97682755,2239.717299
48.75684827,26.47781473,35000.00224,2024-10-25T13:52:00Z,EY86,275.3833559,1729864320,88.12118966,2248.801958
48.92518153,26.48150775,35000.00224,2024-10-25T13:53:00Z,EY86,274.4395569,1729864380,88.55843302,2257.867348
49.09338188,26.48502519,35000.00224,2024-10-25T13:54:00Z,EY86,273.7851567,1729864440,88.62408804,2266.925053
49.26000375,26.48833456,35000.00224,2024-10-25T13:55:00Z,EY86,272.3357054,1729864500,88.69161786,2275.897253
49.42988148,26.49154876,35000.00224,2024-10-25T13:56:00Z,EY86,271.2863489,1729864560,88.75105593,2285.04431
49.59590259,26.49454147,35000.00224,2024-10-25T13:57:00Z,EY86,269.6794746,1729864620,88.80912487,2293.983285
49.76073881,26.49272938,35000.00224,2024-10-25T13:58:00Z,EY86,268.6604053,1729864680,90.66697362,2302.8573
49.91579813,26.44871729,35000.00224,2024-10-25T13:59:00Z,EY86,267.3639084,1729864740,107.558345,2311.61136
50.06805997,26.39413539,35000.00224,2024-10-25T14:00:00Z,EY86,266.8813012,1729864800,111.7816259,2320.439049
50.21807444,26.34012359,35000.00224,2024-10-25T14:01:00Z,EY86,266.2406335,1729864860,111.859388,2329.145165
50.37279221,26.29583985,35000.00224,2024-10-25T14:02:00Z,EY86,265.8064571,1729864920,107.6750776,2337.897037
50.53494667,26.27390148,35000.00224,2024-10-25T14:03:00Z,EY86,265.0767494,1729864980,98.5450053,2346.739673
50.694401,26.24059833,35000.00224,2024-10-25T14:04:00Z,EY86,265.6522538,1729865040,103.0744883,2355.568519
50.84279855,26.18174791,35000.00224,2024-10-25T14:05:00Z,EY86,265.0753715,1729865100,113.8138502,2364.31611
50.98672829,26.11687441,35000.00224,2024-10-25T14:06:00Z,EY86,265.3445865,1729865160,116.6305669,2373.002164
51.12736503,26.047954,35000.00224,2024-10-25T14:07:00Z,EY86,264.6967357,1729865220,118.5870478,2381.64618
51.26897094,25.9783987,35000.00224,2024-10-25T14:08:00Z,EY86,264.3855918,1729865280,118.6281598,2390.358262
51.40727273,25.91044191,35000.00224,2024-10-25T14:09:00Z,EY86,263.7930901,1729865340,118.6235332,2398.871563
51.54983484,25.84007229,35000.00224,2024-10-25T14:10:00Z,EY86,264.5455632,1729865400,118.7183403,2407.660183
51.68898006,25.77113476,35000.00224,2024-10-25T14:11:00Z,EY86,264.1581086,1729865460,118.7943659,2416.249312
51.82794706,25.70199018,35000.00224,2024-10-25T14:12:00Z,EY86,264.5402954,1729865520,118.8840852,2424.839734
51.96499918,25.63376918,35000.00224,2024-10-25T14:13:00Z,EY86,263.337534,1729865580,118.8809621,2433.316343
52.10620624,25.56313876,35000.00224,2024-10-25T14:14:00Z,EY86,262.196566,1729865640,118.9835746,2442.063635
52.24433861,25.49384512,35000.00224,2024-10-25T14:15:00Z,EY86,259.3522397,1729865700,119.0408046,2450.630069
52.38212673,25.42500427,35000.00224,2024-10-25T14:16:00Z,EY86,257.0615162,1729865760,118.9283045,2459.170787
52.5188,25.357309,34308.33553,2024-10-25T14:17:00Z,EY86,250.7786749,1729865820,118.7052914,2467.629137
52.6522635,25.29086,32462.50208,2024-10-25T14:18:00Z,EY86,244.8641369,1729865880,118.8179893,2475.902193
52.77949,25.22735567,30625.00196,2024-10-25T14:19:00Z,EY86,238.8413967,1729865940,118.8677583,2483.796469
52.90704471,25.16344929,28819.85479,2024-10-25T14:20:00Z,EY86,231.7493239,1729866000,118.9456464,2491.721128
53.02506955,25.10412445,27206.81993,2024-10-25T14:21:00Z,EY86,224.9052846,1729866060,119.0146493,2499.062107
53.14287647,25.04470724,25392.64868,2024-10-25T14:22:00Z,EY86,218.6444787,1729866120,119.0857692,2506.398074
53.25921691,24.98601649,23667.85866,2024-10-25T14:23:00Z,EY86,212.7971167,1729866180,119.079874,2513.645746
53.36988981,24.930091,22116.13045,2024-10-25T14:24:00Z,EY86,208.1578067,1729866240,119.110687,2520.545501
53.47794041,24.87519129,20494.85426,2024-10-25T14:25:00Z,EY86,202.3509504,1729866300,119.2337061,2527.292759
53.581928,24.822491,19350.00124,2024-10-25T14:26:00Z,EY86,196.8193262,1729866360,119.1615109,2533.784512
53.68736283,24.7686,18145.83449,2024-10-25T14:27:00Z,EY86,191.7694154,1729866420,119.3590156,2540.382072
53.78752442,24.71738271,16767.74301,2024-10-25T14:28:00Z,EY86,186.1653563,1729866480,119.3601322,2546.652291
53.88359703,24.668326,15350.71526,2024-10-25T14:29:00Z,EY86,179.9690517,1729866540,119.3164067,2552.666326
53.98113918,24.62208142,13859.84937,2024-10-25T14:30:00Z,EY86,172.4058483,1729866600,117.5268125,2558.673069
54.07734253,24.58187712,12600.7361,2024-10-25T14:31:00Z,EY86,165.4370229,1729866660,114.6651069,2564.457264
54.1701914,24.5434066,11525.00074,2024-10-25T14:32:00Z,EY86,159.530177,1729866720,114.4727908,2570.032988
54.25782957,24.51134886,10732.14354,2024-10-25T14:33:00Z,EY86,152.3686114,1729866780,111.885826,2575.197258
54.34251367,24.48200713,9510.000609,2024-10-25T14:34:00Z,EY86,145.8734463,1729866840,110.8271897,2580.153021
54.42368927,24.4540318,8278.333863,2024-10-25T14:35:00Z,EY86,139.6600915,1729866900,110.7214156,2584.901218
54.503682,24.42606491,7320.455014,2024-10-25T14:36:00Z,EY86,130.8412718,1729866960,110.9916825,2589.589594
54.570784,24.385334,6500.000416,2024-10-25T14:37:00Z,EY86,123.0271963,1729867020,123.6720581,2593.998693
54.63401155,24.34013209,5081.818507,2024-10-25T14:38:00Z,EY86,113.6188659,1729867080,128.1115134,2598.392763
54.69607467,24.29575856,4255.555828,2024-10-25T14:39:00Z,EY86,106.1045702,1729867140,128.1044954,2602.706993
54.75540833,24.275478,3400.000218,2024-10-25T14:40:00Z,EY86,107.3632907,1729867200,110.5433104,2606.178434
54.7988118,24.3153686,2650.00017,2024-10-25T14:41:00Z,EY86,103.2402209,1729867260,44.7522939,2609.547742
54.7859588,24.3598734,2380.000152,2024-10-25T14:42:00Z,EY86,89.6869006,1729867320,345.2602876,2612.301061
54.748138,24.38704318,1825.000117,2024-10-25T14:43:00Z,EY86,76.2006276,1729867380,308.2696736,2614.934165
54.7122292,24.4126186,1025.000066,2024-10-25T14:44:00Z,EY86,,1729867440,308.0358325,2617.425708
54.677167,24.43751,261.3636531,2024-10-25T14:45:00Z,EY86,,1729867500,307.9508745,2619.855238
54.65500819,24.45243922,50.0000032,2024-10-25T14:46:00Z,EY86,,1729867560,306.5089414,2621.361607
54.64723085,24.45606861,50.0000032,2024-10-25T14:47:00Z,EY86,,1729867620,297.1435998,2621.839532
54.649229,24.45406513,0,2024-10-25T14:48:00Z,EY86,,1729867680,137.7643932,2622.00178
54.65040238,24.45078208,0,2024-10-25T14:49:00Z,EY86,,1729867740,161.9775588,2622.208375
54.648721,24.447843,0,2024-10-25T14:50:00Z,EY86,,1729867800,207.509837,2622.406801
