flight_id,waypoint,longitude,latitude,altitude,time,takeoff_mass,level,fuel_flow,co2,nox_GWP_20_kg,nox_GWP_100_kg,h2o_GWP_20_kg,h2o_GWP_100_kg,contrail_GWP_20_kg,contrail_GWP_100_kg
IBE_6300_2023-02-05T01-01_2023-02-05T08-35,0,-66.001,18.44,6.096,2/5/23 01:02,196741,1012.517886,,,,,,,0,0
IBE_6300_2023-02-05T01-01_2023-02-05T08-35,1,-66.001,18.44,6.096,2/5/23 01:03,196741,1012.517886,,,,,,,0,0
IBE_6300_2023-02-05T01-01_2023-02-05T08-35,2,-66.001,18.44,6.096,2/5/23 01:04,196741,1012.517886,,,,,,,0,0
IBE_6300_2023-02-05T01-01_2023-02-05T08-35,3,-66.00233824,18.43989706,7.3152,2/5/23 01:05,196741,1012.371514,,,,,,,0,0
IBE_6300_2023-02-05T01-01_2023-02-05T08-35,4,-66.00463235,18.43972059,7.3152,2/5/23 01:06,196741,1012.371514,,,,,,,0,0
IBE_6300_2023-02-05T01-01_2023-02-05T08-35,5,-66.00692647,18.43954412,7.3152,2/5/23 01:07,196741,1012.371514,,,,,,,0,0
IBE_6300_2023-02-05T01-01_2023-02-05T08-35,6,-66.00922059,18.43936765,7.3152,2/5/23 01:08,196741,1012.371514,,,,,,,0,0
IBE_6300_2023-02-05T01-01_2023-02-05T08-35,7,-66.01151471,18.43919118,7.3152,2/5/23 01:09,196741,1012.371514,,,,,,,0,0
IBE_6300_2023-02-05T01-01_2023-02-05T08-35,8,-66.01380882,18.43901471,7.3152,2/5/23 01:10,196741,1012.371514,,,,,,,0,0
IBE_6300_2023-02-05T01-01_2023-02-05T08-35,9,-65.986625,18.4501875,385.2672,2/5/23 01:11,196741,967.8147331,3.922680976,743.5049523,1767.867629,323.9260563,63.68864833,17.36963136,0,0
IBE_6300_2023-02-05T01-01_2023-02-05T08-35,10,-65.968125,18.495125,683.9712,2/5/23 01:12,196741,933.7356507,5.096876004,966.0618778,3523.273619,645.5687687,82.7528788,22.56896695,0,0
IBE_6300_2023-02-05T01-01_2023-02-05T08-35,11,-65.95325,18.5641,1603.248,2/5/23 01:13,196741,834.9000244,4.7198549,894.6012978,3324.864121,609.2142334,76.63156416,20.8995175,0,0
IBE_6300_2023-02-05T01-01_2023-02-05T08-35,12,-65.937125,18.641375,2511.552,2/5/23 01:14,196741,745.7395364,3.661027737,693.9111973,1876.822494,343.8898358,59.44044634,16.21103082,0,0
IBE_6300_2023-02-05T01-01_2023-02-05T08-35,13,-65.9195,18.71725,3129.6864,2/5/23 01:15,196741,689.5974364,3.71697394,704.5152406,2186.999745,400.7235557,60.34878889,16.45876061,0,0
IBE_6300_2023-02-05T01-01_2023-02-05T08-35,14,-65.90013462,18.80357692,3686.8608,2/5/23 01:16,196741,641.9725201,3.611117004,684.4511169,2370.102739,434.2734833,58.63009567,15.99002609,0,0
IBE_6300_2023-02-05T01-01_2023-02-05T08-35,15,-65.87772727,18.90113636,4230.624,2/5/23 01:17,196741,598.097192,3.765480672,713.7092066,2733.393475,500.8391771,61.1363442,16.67354842,0,0
IBE_6300_2023-02-05T01-01_2023-02-05T08-35,16,-65.85438889,19.00425,4782.9216,2/5/23 01:18,196741,556.0512132,3.652801346,692.351967,2574.258155,471.680842,59.30688265,16.17460436,0,0
IBE_6300_2023-02-05T01-01_2023-02-05T08-35,17,-65.83005,19.11245,5515.6608,2/5/23 01:19,196741,503.9945671,3.475013949,658.6541438,2321.830453,425.4285612,56.42032647,15.38736176,0,0
IBE_6300_2023-02-05T01-01_2023-02-05T08-35,18,-65.804825,19.221125,6100.8768,2/5/23 01:20,196741,465.3167054,3.332918394,631.7213524,2120.502542,388.5392857,54.11326304,14.75816265,0,0
IBE_6300_2023-02-05T01-01_2023-02-05T08-35,19,-65.77928571,19.33182143,6704.3808,2/5/23 01:21,196741,427.9837758,3.186598618,603.9879021,1919.523453,351.7139247,51.73761516,14.11025868,0,0
IBE_6300_2023-02-05T01-01_2023-02-05T08-35,20,-65.75328571,19.44682143,7318.8576,2/5/23 01:22,196741,392.5021492,3.031900948,574.6665056,1720.40096,315.2287474,49.22594379,13.4252574,0,0
IBE_6300_2023-02-05T01-01_2023-02-05T08-35,21,-65.7261875,19.5635625,7757.7696,2/5/23 01:23,196741,368.6475868,3.144820577,596.0692921,1930.857347,353.790632,51.05930689,13.92526551,0,0
IBE_6300_2023-02-05T01-01_2023-02-05T08-35,22,-65.699325,19.681625,8389.3152,2/5/23 01:24,196741,336.3958182,2.758632943,522.8712879,1405.689406,257.564208,44.78916445,12.21522667,0,0
IBE_6300_2023-02-05T01-01_2023-02-05T08-35,23,-65.67186667,19.79836667,8772.144,2/5/23 01:25,196741,317.9852127,1.908039198,361.6497496,682.5839322,125.0697267,30.97892442,8.448797568,0,0
IBE_6300_2023-02-05T01-01_2023-02-05T08-35,24,-65.64441667,19.92091667,8823.3504,2/5/23 01:26,196741,315.5857988,2.632368381,498.939103,1288.862117,236.1579655,42.73913304,11.65612719,0,0
IBE_6300_2023-02-05T01-01_2023-02-05T08-35,25,-65.6135,20.0520625,9140.3424,2/5/23 01:27,196741,301.0563997,2.594104437,491.6865551,1262.408296,231.3108368,42.11787965,11.48669445,0,0
IBE_6300_2023-02-05T01-01_2023-02-05T08-35,26,-65.58384375,20.1816875,9529.2672,2/5/23 01:28,196741,283.9748405,2.40322075,455.506461,1104.990473,202.4671984,39.0186921,10.64146148,0,0
IBE_6300_2023-02-05T01-01_2023-02-05T08-35,27,-65.5535,20.3141,9751.1616,2/5/23 01:29,196741,274.5865534,2.47427692,468.9744473,1189.633595,217.976342,40.17236007,10.9560982,0,0
IBE_6300_2023-02-05T01-01_2023-02-05T08-35,28,-65.52291667,20.4465,10180.32,2/5/23 01:30,196741,257.1419779,2.169749934,411.2544025,930.1263762,170.4268826,35.22805993,9.607652708,0,0
IBE_6300_2023-02-05T01-01_2023-02-05T08-35,29,-65.49195,20.57775,10294.9248,2/5/23 01:31,196741,252.638708,2.130052638,403.7301769,901.5243929,165.1861465,34.58353463,9.43187308,0,0
IBE_6300_2023-02-05T01-01_2023-02-05T08-35,30,-65.46041667,20.71316667,10538.7648,2/5/23 01:32,196741,243.2695999,2.053273072,389.1773782,842.0169826,154.2826148,33.33694161,9.091893165,0,0
IBE_6300_2023-02-05T01-01_2023-02-05T08-35,31,-65.42804167,20.85175,10806.9888,2/5/23 01:33,196741,233.2905989,1.9529839,370.1685684,764.6426567,140.1053315,31.7086466,8.647812708,0,0
IBE_6300_2023-02-05T01-01_2023-02-05T08-35,32,-65.3965,20.98675,10971.5808,2/5/23 01:34,196741,227.333074,1.965372343,372.516674,775.6833624,142.128318,31.90978537,8.702668737,0,0
IBE_6300_2023-02-05T01-01_2023-02-05T08-35,33,-65.3655,21.12078571,11220.2976,2/5/23 01:35,196741,218.5900288,1.545791783,292.9893745,485.5092051,88.95976118,25.09747538,6.844766013,0,0
IBE_6300_2023-02-05T01-01_2023-02-05T08-35,34,-65.33313333,21.25675,11278.8192,2/5/23 01:36,196741,216.5820986,1.502211061,284.7290845,458.6022582,84.02960632,24.38989879,6.651790579,0,0
IBE_6300_2023-02-05T01-01_2023-02-05T08-35,35,-65.30131667,21.39156667,11277.6,2/5/23 01:37,196741,216.6237417,1.499225192,284.1631428,456.7008549,83.68121254,24.34142021,6.638569149,0,0
IBE_6300_2023-02-05T01-01_2023-02-05T08-35,36,-65.27013333,21.52575,11277.6,2/5/23 01:38,196741,216.6237417,1.482514946,280.9958829,446.5987718,81.83020973,24.07011266,6.564576181,0,0
IBE_6300_2023-02-05T01-01_2023-02-05T08-35,37,-65.23884375,21.6586875,11277.6,2/5/23 01:39,196741,216.6237417,1.504683423,285.1976959,459.4522716,84.18535411,24.43004005,6.662738196,0,0
IBE_6300_2023-02-05T01-01_2023-02-05T08-35,38,-65.2075,21.79155,11277.6,2/5/23 01:40,196741,216.6237417,1.447507915,274.3606501,425.7094713,78.0026671,23.5017385,6.409565046,0,0
IBE_6300_2023-02-05T01-01_2023-02-05T08-35,39,-65.17275,21.9272,11277.6,2/5/23 01:41,196741,216.6237417,1.429224649,270.8952399,414.5914623,75.96551639,23.2048914,6.328606744,0,0
IBE_6300_2023-02-05T01-01_2023-02-05T08-35,40,-65.12454167,22.05791667,11277.6,2/5/23 01:42,196741,216.6237417,1.475291955,279.6268371,440.4652498,80.70636564,23.95284018,6.532592775,0,0
IBE_6300_2023-02-05T01-01_2023-02-05T08-35,41,-65.04721667,22.1768,11276.3808,2/5/23 01:43,196741,216.6653929,1.481341609,280.7734886,443.7948193,81.31644204,24.05106237,6.559380646,0,0
IBE_6300_2023-02-05T01-01_2023-02-05T08-35,42,-64.94911667,22.28388333,11276.3808,2/5/23 01:44,196741,216.6653929,1.519847682,288.0719297,466.5540485,85.48661137,24.67624697,6.729885538,0,0
IBE_6300_2023-02-05T01-01_2023-02-05T08-35,43,-64.84697222,22.38602778,11277.6,2/5/23 01:45,196741,216.6237417,1.510108789,286.2260198,460.9013261,84.45086409,24.51812629,6.686761717,0,0
IBE_6300_2023-02-05T01-01_2023-02-05T08-35,44,-64.743,22.49025,11277.6,2/5/23 01:46,196741,216.6237417,1.476241918,279.8068932,440.8683577,80.78022703,23.96826379,6.536799215,0,0
IBE_6300_2023-02-05T01-01_2023-02-05T08-35,45,-64.63893333,22.59506667,11277.6,2/5/23 01:47,196741,216.6237417,1.52716973,289.4597505,470.8631716,86.2761712,24.79512773,6.762307562,0,0
IBE_6300_2023-02-05T01-01_2023-02-05T08-35,46,-64.53475,22.69906667,11277.6,2/5/23 01:48,196741,216.6237417,1.428826172,270.8197126,413.3416065,75.73650554,23.19842172,6.326842289,0,0
IBE_6300_2023-02-05T01-01_2023-02-05T08-35,47,-64.42993333,22.80306667,11277.6,2/5/23 01:49,196741,216.6237417,1.507556289,285.7422191,458.3648197,83.9861005,24.47668391,6.675459249,0,0
IBE_6300_2023-02-05T01-01_2023-02-05T08-35,48,-64.32575,22.90706667,11277.6,2/5/23 01:50,196741,216.6237417,1.479215471,280.3705004,441.6053714,80.91526992,24.01654239,6.549966106,0,0
IBE_6300_2023-02-05T01-01_2023-02-05T08-35,49,-64.22178125,23.009875,11277.6,2/5/23 01:51,196741,216.6237417,1.478422656,280.2202303,440.8334638,80.77383342,24.00367025,6.546455523,0,0
IBE_6300_2023-02-05T01-01_2023-02-05T08-35,50,-64.11575,23.11488333,11277.6,2/5/23 01:52,196741,216.6237417,1.464855449,277.6487018,432.6114876,79.26732225,23.78339307,6.486379929,0,0
IBE_6300_2023-02-05T01-01_2023-02-05T08-35,51,-64.01356604,23.21532075,11277.6,2/5/23 01:53,196741,216.6237417,1.512834219,286.7425978,460.4074141,84.36036469,24.56237638,6.698829921,0,0
IBE_6300_2023-02-05T01-01_2023-02-05T08-35,52,-63.9055,23.32133333,11277.6,2/5/23 01:54,196741,216.6237417,1.453561325,275.5080136,425.6760825,77.99654929,23.60002167,6.436369547,0,0
IBE_6300_2023-02-05T01-01_2023-02-05T08-35,53,-63.80033333,23.42533333,11277.6,2/5/23 01:55,196741,216.6237417,1.535543522,291.0469192,473.4358829,86.7475686,24.93108463,6.799386718,0,0
IBE_6300_2023-02-05T01-01_2023-02-05T08-35,54,-63.69416667,23.52933333,11277.6,2/5/23 01:56,196741,216.6237417,1.436090885,272.1966663,415.3341341,76.10159601,23.31637161,6.359010438,0,0
IBE_6300_2023-02-05T01-01_2023-02-05T08-35,55,-63.58875,23.63183333,11277.6,2/5/23 01:57,196741,216.6237417,1.467687432,278.1854759,432.6423402,79.27297538,23.82937315,6.498919949,0,0
IBE_6300_2023-02-05T01-01_2023-02-05T08-35,56,-63.48116667,23.7365,11278.8192,2/5/23 01:58,196741,216.5820986,1.415684565,268.3288525,402.6533421,73.77809684,22.9850546,6.268651254,0,0
IBE_6300_2023-02-05T01-01_2023-02-05T08-35,57,-63.37533333,23.84011111,11277.6,2/5/23 01:59,196741,216.6237417,1.502441238,284.7727123,451.515773,82.73115096,24.39363595,6.652809803,0,0
IBE_6300_2023-02-05T01-01_2023-02-05T08-35,58,-63.26816667,23.94416667,11276.3808,2/5/23 02:00,196741,216.6653929,1.441699578,273.259738,416.3199628,76.28222922,23.40743435,6.383845732,0,0
IBE_6300_2023-02-05T01-01_2023-02-05T08-35,59,-63.16133333,24.04716667,11276.3808,2/5/23 02:01,196741,216.6653929,1.401346184,265.6111557,393.1066776,72.02886328,22.75225664,6.205160903,0,0
IBE_6300_2023-02-05T01-01_2023-02-05T08-35,60,-63.05516667,24.15016667,11277.6,2/5/23 02:02,196741,216.6237417,1.508380082,285.8983607,453.0701851,83.01596559,24.49005901,6.679107002,0,0
IBE_6300_2023-02-05T01-01_2023-02-05T08-35,61,-62.951,24.251,11277.6,2/5/23 02:03,196741,216.6237417,1.405596866,266.4168299,394.4810471,72.28068875,22.82127071,6.223982921,0,0
IBE_6300_2023-02-05T01-01_2023-02-05T08-35,62,-62.84216667,24.35616667,11276.3808,2/5/23 02:04,196741,216.6653929,1.439321383,272.8089749,412.2633708,75.53894062,23.36882197,6.373315084,0,0
IBE_6300_2023-02-05T01-01_2023-02-05T08-35,63,-62.73516667,24.459,11276.3808,2/5/23 02:05,196741,216.6653929,1.568553416,297.3036145,487.3229832,89.29209941,25.46703327,6.945554527,0,0
IBE_6300_2023-02-05T01-01_2023-02-05T08-35,64,-62.63085714,24.55760714,11277.6,2/5/23 02:06,196741,216.6237417,1.440724177,273.0748606,413.0267356,75.67881181,23.39159774,6.379526658,0,0
IBE_6300_2023-02-05T01-01_2023-02-05T08-35,65,-62.51883333,24.66433333,11277.6,2/5/23 02:07,196741,216.6237417,1.846889507,350.0594371,671.3447395,123.0103715,29.98609803,8.178026735,0,0
IBE_6300_2023-02-05T01-01_2023-02-05T08-35,66,-62.41430769,24.7645,11510.4672,2/5/23 02:08,196741,208.8134119,1.644636705,311.7244411,538.9497785,98.75166749,26.70232155,7.282451331,0,0
IBE_6300_2023-02-05T01-01_2023-02-05T08-35,67,-62.30722222,24.86661111,11578.7424,2/5/23 02:09,196741,206.5773181,1.382080035,261.9594497,384.5143794,70.45449809,22.43945144,6.119850393,0,0
IBE_6300_2023-02-05T01-01_2023-02-05T08-35,68,-62.194,24.97333333,11582.4,2/5/23 02:10,196741,206.4582054,1.504859183,285.2310096,453.359317,83.06894319,24.4328937,6.663516464,0,0
IBE_6300_2023-02-05T01-01_2023-02-05T08-35,69,-62.08566667,25.07716667,11582.4,2/5/23 02:11,196741,206.4582054,1.460994185,276.9168379,428.0344266,78.42866822,23.72070159,6.469282252,0,0
IBE_6300_2023-02-05T01-01_2023-02-05T08-35,70,-61.9768125,25.17925,11582.4,2/5/23 02:12,196741,206.4582054,1.375583682,260.7281312,380.0770517,69.64144736,22.33397667,6.091084546,0,0
IBE_6300_2023-02-05T01-01_2023-02-05T08-35,71,-61.86566667,25.28416667,11582.4,2/5/23 02:13,196741,206.4582054,1.423609321,269.8309107,405.5288635,74.3049781,23.11372094,6.303742074,0,0
IBE_6300_2023-02-05T01-01_2023-02-05T08-35,72,-61.75614286,25.38660714,11582.4,2/5/23 02:14,196741,206.4582054,1.403153133,265.9536448,393.6738219,72.13278103,22.78159426,6.213162072,0,0
IBE_6300_2023-02-05T01-01_2023-02-05T08-35,73,-61.64466667,25.49116667,11582.4,2/5/23 02:15,196741,206.4582054,1.427635158,270.5939679,406.5678142,74.49534484,23.17908443,6.321568481,0,0
IBE_6300_2023-02-05T01-01_2023-02-05T08-35,74,-61.5345,25.59416667,11582.4,2/5/23 02:16,196741,206.4582054,1.434331812,271.8632517,409.9071711,75.10721458,23.28781131,6.351221265,0,0
IBE_6300_2023-02-05T01-01_2023-02-05T08-35,75,-61.4235,25.69716667,11582.4,2/5/23 02:17,196741,206.4582054,1.399504565,265.2620952,390.2346497,71.50262214,22.72235611,6.197006212,0,0
IBE_6300_2023-02-05T01-01_2023-02-05T08-35,76,-61.31316667,25.79966667,11582.4,2/5/23 02:18,196741,206.4582054,1.423170366,269.7477112,402.6070649,73.76961748,23.10659407,6.301798382,0,0
IBE_6300_2023-02-05T01-01_2023-02-05T08-35,77,-61.20483333,25.90066667,11582.4,2/5/23 02:19,196741,206.4582054,1.422814244,269.6802118,401.9719534,73.65324613,23.10081206,6.300221471,0,0
IBE_6300_2023-02-05T01-01_2023-02-05T08-35,78,-61.09127273,26.00536364,11582.4,2/5/23 02:20,196741,206.4582054,1.401934673,265.7226979,389.9974202,71.45915463,22.76181135,6.207766732,0,0
IBE_6300_2023-02-05T01-01_2023-02-05T08-35,79,-60.9795,26.10816667,11582.4,2/5/23 02:21,196741,206.4582054,1.429077648,270.8673774,404.3265381,74.08467623,23.2025047,6.327955826,0,0
IBE_6300_2023-02-05T01-01_2023-02-05T08-35,80,-60.86833333,26.21116667,11582.4,2/5/23 02:22,196741,206.4582054,1.389578446,263.3806987,382.3084984,70.05031493,22.56119566,6.153053361,0,0
IBE_6300_2023-02-05T01-01_2023-02-05T08-35,81,-60.75616667,26.31416667,11582.4,2/5/23 02:23,196741,206.4582054,1.396362865,264.6666175,385.2571558,70.59059688,22.67134748,6.183094768,0,0
IBE_6300_2023-02-05T01-01_2023-02-05T08-35,82,-60.64333333,26.417,11581.1808,2/5/23 02:24,196741,206.497902,1.411895274,267.6106303,393.083985,72.02470533,22.92353168,6.251872275,0,0
IBE_6300_2023-02-05T01-01_2023-02-05T08-35,83,-60.5328125,26.5179375,11581.1808,2/5/23 02:25,196741,206.497902,1.397735813,264.926846,384.8938651,70.52403119,22.69363866,6.189174181,0,0
IBE_6300_2023-02-05T01-01_2023-02-05T08-35,84,-60.4215,26.6189375,11582.4,2/5/23 02:26,196741,206.4582054,1.392575276,263.9487179,381.5461027,69.9106213,22.60985219,6.166323324,0,0
IBE_6300_2023-02-05T01-01_2023-02-05T08-35,85,-60.30831148,26.72188525,11582.4,2/5/23 02:27,196741,206.4582054,1.373362683,260.3071629,370.6810809,67.91982539,22.29791652,6.08124996,0,0
IBE_6300_2023-02-05T01-01_2023-02-05T08-35,86,-60.19605,26.8233,11582.4,2/5/23 02:28,196741,206.4582054,1.480431629,280.6010109,428.6868119,78.54820466,24.03628792,6.555351251,0,0
IBE_6300_2023-02-05T01-01_2023-02-05T08-35,87,-60.08269231,26.92557692,11582.4,2/5/23 02:29,196741,206.4582054,1.407570827,266.7909746,388.4467361,71.17502308,22.85331995,6.232723622,0,0
IBE_6300_2023-02-05T01-01_2023-02-05T08-35,88,-59.97005,27.0273,11582.4,2/5/23 02:30,196741,206.4582054,1.434403909,271.8769168,402.5625402,73.76145923,23.28898186,6.351540507,0,0
IBE_6300_2023-02-05T01-01_2023-02-05T08-35,89,-59.85705,27.12945,11582.4,2/5/23 02:31,196741,206.4582054,1.41937051,269.0274864,394.0093447,72.19425881,23.0448996,6.284972617,0,0
IBE_6300_2023-02-05T01-01_2023-02-05T08-35,90,-59.747625,27.22875,11581.1808,2/5/23 02:32,196741,206.497902,1.425442834,270.1784348,396.879252,72.72011139,23.14348986,6.31186087,0,0
IBE_6300_2023-02-05T01-01_2023-02-05T08-35,91,-59.6299,27.33445,11582.4,2/5/23 02:33,196741,206.4582054,1.383872461,262.2991862,374.0182737,68.53129859,22.46855327,6.127787256,0,0
IBE_6300_2023-02-05T01-01_2023-02-05T08-35,92,-59.51575,27.43745,11582.4,2/5/23 02:34,196741,206.4582054,1.552887991,294.3343898,467.9702011,85.74609276,25.21268942,6.876188023,0,0
IBE_6300_2023-02-05T01-01_2023-02-05T08-35,93,-59.4006,27.54045,11582.4,2/5/23 02:35,196741,206.4582054,1.382511194,262.0411717,373.1739341,68.37659041,22.44645175,6.121759567,0,0
IBE_6300_2023-02-05T01-01_2023-02-05T08-35,94,-59.28475,27.64345,11582.4,2/5/23 02:36,196741,206.4582054,1.426433898,270.3662811,395.7873104,72.52003514,23.15958077,6.316249301,0,0
IBE_6300_2023-02-05T01-01_2023-02-05T08-35,95,-59.17018033,27.74604918,11581.1808,2/5/23 02:37,196741,206.497902,1.433664459,271.7367617,399.209593,73.14709934,23.27697616,6.348266227,0,0
IBE_6300_2023-02-05T01-01_2023-02-05T08-35,96,-59.05725,27.84675,11582.4,2/5/23 02:38,196741,206.4582054,1.416864992,268.5525905,389.5588517,71.3787958,23.00422,6.273878183,0,0
IBE_6300_2023-02-05T01-01_2023-02-05T08-35,97,-58.93552459,27.95377049,11582.4,2/5/23 02:39,196741,206.4582054,1.445430457,273.9668888,404.4310441,74.10382485,23.4680089,6.400366064,0,0
IBE_6300_2023-02-05T01-01_2023-02-05T08-35,98,-58.81935,28.05701667,11582.4,2/5/23 02:40,196741,206.4582054,1.429010463,270.8546432,395.0603997,72.38684342,23.20141388,6.327658332,0,0
IBE_6300_2023-02-05T01-01_2023-02-05T08-35,99,-58.70223333,28.16013333,11581.1808,2/5/23 02:41,196741,206.497902,1.434138837,271.8266752,397.2716253,72.79200587,23.28467816,6.35036677,0,0
IBE_6300_2023-02-05T01-01_2023-02-05T08-35,100,-58.58423333,28.26401667,11581.1808,2/5/23 02:42,196741,206.497902,1.438781074,272.7065647,399.3083586,73.16519614,23.36004952,6.370922595,0,0
IBE_6300_2023-02-05T01-01_2023-02-05T08-35,101,-58.466875,28.366375,11581.1808,2/5/23 02:43,196741,206.497902,1.439834,272.9061365,399.3925591,73.18062419,23.37714483,6.375584954,0,0
IBE_6300_2023-02-05T01-01_2023-02-05T08-35,102,-58.348,28.47013333,11582.4,2/5/23 02:44,196741,206.4582054,1.42002359,269.1512712,388.2376328,71.13670912,23.05550301,6.287864456,0,0
IBE_6300_2023-02-05T01-01_2023-02-05T08-35,103,-58.23178571,28.57046429,11582.4,2/5/23 02:45,196741,206.4582054,1.46345444,277.3831545,411.2380445,75.35107026,23.76064628,6.480176259,0,0
IBE_6300_2023-02-05T01-01_2023-02-05T08-35,104,-58.108,28.67901667,11581.1808,2/5/23 02:46,196741,206.497902,1.419853945,269.1191167,387.2744978,70.96023407,23.05274865,6.287113268,0,0
IBE_6300_2023-02-05T01-01_2023-02-05T08-35,105,-57.988,28.78213333,11582.4,2/5/23 02:47,196741,206.4582054,1.48307648,281.1023161,421.1523308,77.16766309,24.07922973,6.567062654,0,0
IBE_6300_2023-02-05T01-01_2023-02-05T08-35,106,-57.86788333,28.88613333,11582.4,2/5/23 02:48,196741,206.4582054,1.361247598,258.0108697,355.8537402,65.20301451,22.101216,6.027604363,0,0
IBE_6300_2023-02-05T01-01_2023-02-05T08-35,107,-57.7484,28.98885,11582.4,2/5/23 02:49,196741,206.4582054,1.425390954,270.1686015,388.297549,71.14768756,23.14264753,6.311631146,0,0
IBE_6300_2023-02-05T01-01_2023-02-05T08-35,108,-57.625,29.09313333,11582.4,2/5/23 02:50,196741,206.4582054,1.43031117,271.1011792,390.3913332,71.53133124,23.22253216,6.333417861,0,0
IBE_6300_2023-02-05T01-01_2023-02-05T08-35,109,-57.5057,29.196375,11582.4,2/5/23 02:51,196741,206.4582054,1.423144356,269.7427812,386.0674495,70.73906684,23.10617176,6.301683208,0,0
IBE_6300_2023-02-05T01-01_2023-02-05T08-35,110,-57.38376667,29.30013333,11582.4,2/5/23 02:52,196741,206.4582054,1.383795904,262.2846756,364.8828873,66.85742344,22.4673103,6.127448262,162071.9255,44017.26158
IBE_6300_2023-02-05T01-01_2023-02-05T08-35,111,-57.26176667,29.40401667,11582.4,2/5/23 02:53,196741,206.4582054,1.390491448,263.5537491,367.5210507,67.34081363,22.57601916,6.157096134,170771.8185,46380.07342
IBE_6300_2023-02-05T01-01_2023-02-05T08-35,112,-57.14025,29.506625,11582.4,2/5/23 02:54,196741,206.4582054,1.404934242,266.2912362,374.3078304,68.58435401,22.81051235,6.221048824,178416.9242,48456.41464
IBE_6300_2023-02-05T01-01_2023-02-05T08-35,113,-57.01676667,29.6109,11581.1808,2/5/23 02:55,196741,206.497902,1.380044476,261.5736299,360.8933798,66.12642673,22.40640211,6.110836939,169576.486,46055.432
IBE_6300_2023-02-05T01-01_2023-02-05T08-35,114,-56.89476667,29.71301667,11582.4,2/5/23 02:56,196741,206.4582054,1.397920119,264.9617793,369.3844172,67.68223793,22.69663105,6.189990286,171429.659,46558.73693
IBE_6300_2023-02-05T01-01_2023-02-05T08-35,115,-56.77265,29.81601667,11582.4,2/5/23 02:57,196741,206.4582054,1.359214293,257.625477,349.1033601,63.96614362,22.06820325,6.018600887,163167.1422,44314.71247
IBE_6300_2023-02-05T01-01_2023-02-05T08-35,116,-56.65233333,29.91691667,11582.4,2/5/23 02:58,196741,206.4582054,1.392944357,264.0186734,365.5318467,66.97633216,22.61584458,6.167957612,168447.5387,45748.82018
IBE_6300_2023-02-05T01-01_2023-02-05T08-35,117,-56.52765,30.0199,11581.1808,2/5/23 02:59,196741,206.497902,1.370732388,259.8086168,353.7511087,64.81774973,22.25521105,6.069603014,139095.9788,37777.20335
IBE_6300_2023-02-05T01-01_2023-02-05T08-35,118,-56.405525,30.1212,11581.1808,2/5/23 03:00,196741,206.497902,1.401905096,265.7170919,369.1615152,67.64139564,22.76133114,6.207635766,153573.4895,41709.16364
IBE_6300_2023-02-05T01-01_2023-02-05T08-35,119,-56.28265,30.2239,11582.4,2/5/23 03:01,196741,206.4582054,1.332830254,252.6246464,334.050404,61.20799329,21.639832,5.901772365,145337.8939,39472.45073
IBE_6300_2023-02-05T01-01_2023-02-05T08-35,120,-56.15953333,30.3259,11582.4,2/5/23 03:02,196741,206.4582054,1.404471124,266.2034568,369.4018258,67.68542771,22.80299317,6.218998136,143886.2369,39078.19388
IBE_6300_2023-02-05T01-01_2023-02-05T08-35,121,-56.03553333,30.42778333,11582.4,2/5/23 03:03,196741,206.4582054,1.379183574,261.4104545,356.3481198,65.29359959,22.3924245,6.107024864,135104.5803,36693.17578
IBE_6300_2023-02-05T01-01_2023-02-05T08-35,122,-55.91214583,30.528375,11582.4,2/5/23 03:04,196741,206.4582054,1.379821314,261.5313319,356.3504626,65.29402887,22.40277886,6.10984878,129218.6568,35094.61248
IBE_6300_2023-02-05T01-01_2023-02-05T08-35,123,-55.78841667,30.62978333,11581.1808,2/5/23 03:05,196741,206.497902,1.408116865,266.8944706,370.5523472,67.89623753,22.86218542,6.235141478,122406.5757,33244.51317
IBE_6300_2023-02-05T01-01_2023-02-05T08-35,124,-55.66505,30.7295,11581.1808,2/5/23 03:06,196741,206.497902,1.379782986,261.5240672,356.0153049,65.23261797,22.40215657,6.109679064,118077.1596,32068.68313
IBE_6300_2023-02-05T01-01_2023-02-05T08-35,125,-55.5393,30.83278333,11582.4,2/5/23 03:07,196741,206.4582054,1.434409972,271.8780661,383.8857491,70.33931427,23.28908031,6.351567357,109643.047,29778.05482
IBE_6300_2023-02-05T01-01_2023-02-05T08-35,126,-55.4133,30.9339,11581.1808,2/5/23 03:08,196741,206.497902,1.435096794,272.0082464,384.4532122,70.44329044,23.30023155,6.354608604,100749.3802,27362.61575
IBE_6300_2023-02-05T01-01_2023-02-05T08-35,127,-55.28706667,31.03601667,11581.1808,2/5/23 03:09,196741,206.497902,1.395095499,264.4264008,363.8393929,66.66622417,22.65077052,6.177482868,84347.86437,22908.11317
IBE_6300_2023-02-05T01-01_2023-02-05T08-35,128,-55.15918333,31.1389,11582.4,2/5/23 03:10,196741,206.4582054,1.402376568,265.8064548,367.3263919,67.30514634,22.76898597,6.209723445,81696.20847,22187.94753
IBE_6300_2023-02-05T01-01_2023-02-05T08-35,129,-55.03329167,31.24008333,11582.4,2/5/23 03:11,196741,206.4582054,1.420950509,269.3269595,376.7701045,69.03551604,23.07055247,6.291968854,77445.7819,21033.57031
IBE_6300_2023-02-05T01-01_2023-02-05T08-35,130,-54.90295,31.34401667,11582.4,2/5/23 03:12,196741,206.4582054,1.378870301,261.3510769,355.1840382,65.08030514,22.38733821,6.105637693,70124.85916,19045.27425
IBE_6300_2023-02-05T01-01_2023-02-05T08-35,131,-54.77383333,31.4469,11582.4,2/5/23 03:13,196741,206.4582054,1.394777679,264.3661613,362.9021581,66.4944948,22.6456104,6.176075564,65799.53608,17870.55582
IBE_6300_2023-02-05T01-01_2023-02-05T08-35,132,-54.64395,31.5489,11582.4,2/5/23 03:14,196741,206.4582054,1.428540729,270.7656098,380.1372893,69.65248468,23.19378728,6.325578349,61799.0605,16784.06302
IBE_6300_2023-02-05T01-01_2023-02-05T08-35,133,-54.51471667,31.65113333,11581.1808,2/5/23 03:15,196741,206.497902,1.395208044,264.4477327,363.0355638,66.5189387,22.65259781,6.17798122,58962.56089,16013.69551
IBE_6300_2023-02-05T01-01_2023-02-05T08-35,134,-54.38371667,31.75501667,11582.4,2/5/23 03:16,196741,206.4582054,1.406236737,266.5381112,368.4480103,67.51066027,22.83165966,6.226816272,53589.85788,14554.51822
IBE_6300_2023-02-05T01-01_2023-02-05T08-35,135,-54.2535625,31.85715625,11582.4,2/5/23 03:17,196741,206.4582054,1.42029387,269.2025002,375.614139,68.82370869,23.05989128,6.289061258,48368.97151,13136.57294
IBE_6300_2023-02-05T01-01_2023-02-05T08-35,136,-54.12413333,31.95748333,11582.4,2/5/23 03:18,196741,206.4582054,1.34155161,254.2776921,335.8430987,61.5364684,21.78143193,5.940390527,52270.65594,14196.23497
IBE_6300_2023-02-05T01-01_2023-02-05T08-35,137,-53.98848333,32.0639,11582.4,2/5/23 03:19,196741,206.4582054,1.467964289,278.2379514,400.0457954,73.30031655,23.8338682,6.500145874,48202.59078,13091.38545
IBE_6300_2023-02-05T01-01_2023-02-05T08-35,138,-53.85548333,32.16613333,11581.1808,2/5/23 03:20,196741,206.497902,1.472428139,279.0840294,403.0042041,73.84238523,23.90634326,6.519911798,43782.99512,11891.06345
IBE_6300_2023-02-05T01-01_2023-02-05T08-35,139,-53.72225,32.27001667,11581.1808,2/5/23 03:21,196741,206.497902,1.386405335,262.7792672,358.5439582,65.69594266,22.50967702,6.139002822,41680.74601,11320.1117
IBE_6300_2023-02-05T01-01_2023-02-05T08-35,140,-53.58795,32.37278333,11582.4,2/5/23 03:22,196741,206.4582054,1.416383622,268.4613516,373.553242,68.44609092,22.99640448,6.271746676,40011.56575,10866.77752
IBE_6300_2023-02-05T01-01_2023-02-05T08-35,141,-53.45755,32.47448333,11582.4,2/5/23 03:23,196741,206.4582054,1.387093183,262.9096418,358.5091536,65.68956541,22.52084491,6.142048613,42875.48486,11644.59191
IBE_6300_2023-02-05T01-01_2023-02-05T08-35,142,-53.318125,32.580375,11582.4,2/5/23 03:24,196741,206.4582054,1.416266675,268.4391857,373.1600677,68.37404966,22.99450574,6.271228839,42766.48681,11614.98903
IBE_6300_2023-02-05T01-01_2023-02-05T08-35,143,-53.18001667,32.68613333,11581.1808,2/5/23 03:25,196741,206.497902,1.44365511,273.6303895,387.4722022,70.99645942,23.43918437,6.392504827,43031.12362,11686.86198
IBE_6300_2023-02-05T01-01_2023-02-05T08-35,144,-53.04301667,32.79025,11582.4,2/5/23 03:26,196741,206.4582054,1.290494643,244.6003547,311.0856316,57.00016231,20.95247103,5.714310281,44333.61042,12040.60556
IBE_6300_2023-02-05T01-01_2023-02-05T08-35,145,-52.9059,32.89501667,11582.4,2/5/23 03:27,196741,206.4582054,1.396629063,264.7170726,362.1596509,66.35844536,22.67566947,6.184273491,42642.98194,11581.44623
IBE_6300_2023-02-05T01-01_2023-02-05T08-35,146,-52.76965,32.9965,11582.4,2/5/23 03:28,196741,206.4582054,1.36223816,258.1986209,344.8076205,63.17903605,22.11729877,6.031990573,42639.57076,11580.51979
IBE_6300_2023-02-05T01-01_2023-02-05T08-35,147,-52.6309,33.1009,11582.4,2/5/23 03:29,196741,206.4582054,1.386069539,262.7156204,356.3660508,65.29688509,22.50422503,6.137515918,39927.37288,10843.9115
IBE_6300_2023-02-05T01-01_2023-02-05T08-35,148,-52.49278333,33.20301667,11582.4,2/5/23 03:30,196741,206.4582054,1.397457937,264.8741773,362.0154889,66.33203057,22.68912706,6.187943743,42629.02867,11577.65665
IBE_6300_2023-02-05T01-01_2023-02-05T08-35,149,-52.358625,33.303625,11582.4,2/5/23 03:31,196741,206.4582054,1.361792304,258.1141132,344.0686818,63.04364046,22.11005984,6.030016321,45889.85181,12463.26657
IBE_6300_2023-02-05T01-01_2023-02-05T08-35,150,-52.21666667,33.40901667,11581.1808,2/5/23 03:32,196741,206.497902,1.388578287,263.1911286,357.1445775,65.43953439,22.54495708,6.148624657,45549.75258,12370.89871
IBE_6300_2023-02-05T01-01_2023-02-05T08-35,151,-52.07740909,33.51145455,11582.4,2/5/23 03:33,196741,206.4582054,1.445270452,273.9365615,386.2234086,70.7676432,23.46541106,6.399657562,47263.40252,12836.31046
IBE_6300_2023-02-05T01-01_2023-02-05T08-35,152,-51.93666667,33.61501667,11582.4,2/5/23 03:34,196741,206.4582054,1.314494295,249.1492486,320.9465362,58.80697403,21.34212937,5.820580737,45937.80429,12476.29003
IBE_6300_2023-02-05T01-01_2023-02-05T08-35,153,-51.79655,33.71801667,11582.4,2/5/23 03:35,196741,206.4582054,1.452938335,275.389932,389.7964011,71.42232194,23.58990681,6.433610947,48445.02228,13157.22764
IBE_6300_2023-02-05T01-01_2023-02-05T08-35,154,-51.65543333,33.82101667,11582.4,2/5/23 03:36,196741,206.4582054,1.396226859,264.6408389,360.953483,66.13743943,22.66913928,6.182492532,47105.84044,12793.51803
IBE_6300_2023-02-05T01-01_2023-02-05T08-35,155,-51.51409091,33.92361364,11582.4,2/5/23 03:37,196741,206.4582054,1.395705627,264.5420446,360.5810152,66.06919223,22.66067656,6.180184518,48357.00418,13133.32273
IBE_6300_2023-02-05T01-01_2023-02-05T08-35,156,-51.37178333,34.02766667,11582.4,2/5/23 03:38,196741,206.4582054,1.414316602,268.0695686,369.9612438,67.78792976,22.96284434,6.262593911,45574.5879,12377.64376
IBE_6300_2023-02-05T01-01_2023-02-05T08-35,157,-51.23161667,34.12848333,11582.4,2/5/23 03:39,196741,206.4582054,1.371267002,259.9099476,348.2204122,63.80436125,22.26389105,6.071970285,44900.99175,12194.70117
IBE_6300_2023-02-05T01-01_2023-02-05T08-35,158,-51.0832,34.23513333,11581.1808,2/5/23 03:40,196741,206.497902,1.405547884,266.4075459,365.1683634,66.90973119,22.82047544,6.223766029,49396.10694,13415.53359
IBE_6300_2023-02-05T01-01_2023-02-05T08-35,159,-50.93908333,34.33901667,11581.1808,2/5/23 03:41,196741,206.497902,1.435592021,272.1021116,380.6242554,69.74171139,23.30827205,6.356801468,49856.4461,13540.55752
IBE_6300_2023-02-05T01-01_2023-02-05T08-35,160,-50.79385,34.44213333,11582.4,2/5/23 03:42,196741,206.4582054,1.337048216,253.4241188,331.2140328,60.68828552,21.70831483,5.920449499,49143.64092,13346.96611
IBE_6300_2023-02-05T01-01_2023-02-05T08-35,161,-50.64708333,34.54601667,11582.4,2/5/23 03:43,196741,206.4582054,1.384165162,262.3546648,353.8611629,64.83791494,22.47330557,6.129083337,48148.70144,13076.7496
IBE_6300_2023-02-05T01-01_2023-02-05T08-35,162,-50.504125,34.6475,11582.4,2/5/23 03:44,196741,206.4582054,1.375647587,260.7402436,349.4243434,64.02495732,22.33501422,6.091367514,51364.40205,13950.10465
IBE_6300_2023-02-05T01-01_2023-02-05T08-35,163,-50.35585,34.75201667,11582.4,2/5/23 03:45,196741,206.4582054,1.370564002,259.776701,346.651684,63.51692346,22.25247714,6.068857402,52233.98226,14186.27473
IBE_6300_2023-02-05T01-01_2023-02-05T08-35,164,-50.20873333,34.8549,11582.4,2/5/23 03:46,196741,206.4582054,1.341413849,254.251581,332.1075292,60.8520007,21.77919525,5.939780524,54596.50638,14827.9148
IBE_6300_2023-02-05T01-01_2023-02-05T08-35,165,-50.05991667,34.9562,11582.4,2/5/23 03:47,196741,206.4582054,1.370968405,259.8533514,346.1558635,63.42607438,22.25904302,6.070648096,54905.05751,14911.71448
IBE_6300_2023-02-05T01-01_2023-02-05T08-35,166,-49.90375,35.05091667,11582.4,2/5/23 03:48,196741,206.4582054,1.392423321,263.9199163,356.7263504,65.36290272,22.60738505,6.165650467,54186.52557,14716.56774
IBE_6300_2023-02-05T01-01_2023-02-05T08-35,167,-49.73975,35.1355,11582.4,2/5/23 03:49,196741,206.4582054,1.383627441,262.2527452,352.382623,64.56700234,22.46457513,6.126702309,47370.64481,12865.43649
IBE_6300_2023-02-05T01-01_2023-02-05T08-35,168,-49.57406557,35.22163934,11582.4,2/5/23 03:50,196741,206.4582054,1.398947258,265.1564632,360.037576,65.96961797,22.71330767,6.194538456,53549.72637,14543.61887
IBE_6300_2023-02-05T01-01_2023-02-05T08-35,169,-49.4108,35.3048,11582.4,2/5/23 03:51,196741,206.4582054,1.407063096,266.6947392,364.2619786,66.74365446,22.84507643,6.23047539,56413.03679,15321.26795
IBE_6300_2023-02-05T01-01_2023-02-05T08-35,170,-49.2393,35.3925,11582.4,2/5/23 03:52,196741,206.4582054,1.384168963,262.3553852,352.8668558,64.65572823,22.47336728,6.129100168,55095.38888,14963.40675
IBE_6300_2023-02-05T01-01_2023-02-05T08-35,171,-49.0722,35.4775,11582.4,2/5/23 03:53,196741,206.4582054,1.425780974,270.2425259,373.9040324,68.51036619,23.1489799,6.313358155,56455.85581,15332.8972
IBE_6300_2023-02-05T01-01_2023-02-05T08-35,172,-48.90516667,35.562,11581.1808,2/5/23 03:54,196741,206.497902,1.334040853,252.8541033,328.4392445,60.17986157,21.65948729,5.907132898,55879.33576,15176.3196
IBE_6300_2023-02-05T01-01_2023-02-05T08-35,173,-48.7361,35.6465,11582.4,2/5/23 03:55,196741,206.4582054,1.391694612,263.7817967,356.3271077,65.28974955,22.59555371,6.16242374,57191.7513,15532.75973
IBE_6300_2023-02-05T01-01_2023-02-05T08-35,174,-48.567,35.7315,11582.4,2/5/23 03:56,196741,206.4582054,1.392735302,263.9790492,356.8585671,65.38712876,22.61245037,6.167031918,56372.53934,15310.26921
IBE_6300_2023-02-05T01-01_2023-02-05T08-35,175,-48.39783333,35.81583333,11582.4,2/5/23 03:57,196741,206.4582054,1.387734954,263.0312831,354.3872415,64.93430823,22.53126471,6.144890375,56662.41275,15388.99619
IBE_6300_2023-02-05T01-01_2023-02-05T08-35,176,-48.228,35.9004,11582.4,2/5/23 03:58,196741,206.4582054,1.382990039,262.1319319,351.9777282,64.49281356,22.45422627,6.123879891,56726.65897,15406.44488
IBE_6300_2023-02-05T01-01_2023-02-05T08-35,177,-48.05877273,35.98390909,11582.4,2/5/23 03:59,196741,206.4582054,1.361827682,258.1208188,341.3840385,62.55173377,22.11063424,6.030172975,48769.76569,13245.425
IBE_6300_2023-02-05T01-01_2023-02-05T08-35,178,-47.8879,36.0683,11582.4,2/5/23 04:00,196741,206.4582054,1.423066163,269.7279605,371.9237386,68.14751733,23.10490222,6.301336968,55421.57838,15051.99685
IBE_6300_2023-02-05T01-01_2023-02-05T08-35,179,-47.7168,36.1514,11582.4,2/5/23 04:01,196741,206.4582054,1.392947911,264.019347,356.9342892,65.40100331,22.61590228,6.167973348,54985.22559,14933.48741
IBE_6300_2023-02-05T01-01_2023-02-05T08-35,180,-47.5448,36.2353,11582.4,2/5/23 04:02,196741,206.4582054,1.389325364,263.3327295,355.0884273,65.06278636,22.55708661,6.151932711,54421.02621,14780.25598
IBE_6300_2023-02-05T01-01_2023-02-05T08-35,181,-47.3727,36.3184,11582.4,2/5/23 04:03,196741,206.4582054,1.389097141,263.2894722,354.9645312,65.04008491,22.55338119,6.150922142,52903.94901,14368.2316
IBE_6300_2023-02-05T01-01_2023-02-05T08-35,182,-47.2025,36.4005,11582.4,2/5/23 04:04,196741,206.4582054,1.374629217,260.5472218,347.7165716,63.71204263,22.31847997,6.086858173,53995.17278,14664.59806
IBE_6300_2023-02-05T01-01_2023-02-05T08-35,183,-47.02558333,36.48483333,11582.4,2/5/23 04:05,196741,206.4582054,1.391839255,263.8092124,356.1402902,65.25551901,22.59790214,6.163064221,51729.68746,14049.31284
IBE_6300_2023-02-05T01-01_2023-02-05T08-35,184,-46.8524918,36.56688525,11582.4,2/5/23 04:06,196741,206.4582054,1.418616754,268.8846195,369.7654919,67.75206218,23.03266161,6.281634985,51331.50169,13941.16921
IBE_6300_2023-02-05T01-01_2023-02-05T08-35,185,-46.6784,36.64946667,11582.4,2/5/23 04:07,196741,206.4582054,1.34466085,254.8670175,333.1096558,61.03562016,21.83191356,5.954158243,48483.98736,13167.8102
IBE_6300_2023-02-05T01-01_2023-02-05T08-35,186,-46.5044,36.73146667,11582.4,2/5/23 04:08,196741,206.4582054,1.381469763,261.8437788,350.7984516,64.27673491,22.42954307,6.117148109,49124.36336,13341.7305
IBE_6300_2023-02-05T01-01_2023-02-05T08-35,187,-46.33071429,36.81321429,11581.1808,2/5/23 04:09,196741,206.497902,1.372435962,260.1315123,346.2963938,63.45182371,22.28287029,6.077146442,41341.65146,11228.0167
IBE_6300_2023-02-05T01-01_2023-02-05T08-35,188,-46.15566667,36.89516667,11581.1808,2/5/23 04:10,196741,206.497902,1.320384552,250.265688,320.8665403,58.79231638,21.43776359,5.846662796,45110.1863,12251.51651
IBE_6300_2023-02-05T01-01_2023-02-05T08-35,189,-45.97933333,36.9764,11582.4,2/5/23 04:11,196741,206.4582054,1.436886915,272.3475458,378.1524255,69.28879846,23.32929595,6.362535259,46876.90319,12731.34075
IBE_6300_2023-02-05T01-01_2023-02-05T08-35,190,-45.80433333,37.0574,11581.1808,2/5/23 04:12,196741,206.497902,1.353424779,256.5281326,336.7446653,61.70166228,21.97420471,5.992964921,44720.69203,12145.7334
IBE_6300_2023-02-05T01-01_2023-02-05T08-35,191,-45.62926667,37.13833333,11582.4,2/5/23 04:13,196741,206.4582054,1.370455184,259.7560755,344.8140302,63.1802105,22.25071037,6.068375554,44560.55535,12102.24174
IBE_6300_2023-02-05T01-01_2023-02-05T08-35,192,-45.45326667,37.21833333,11582.4,2/5/23 04:14,196741,206.4582054,1.362864697,258.3173747,340.959955,62.47402902,22.12747122,6.034764878,43186.18947,11728.97646
IBE_6300_2023-02-05T01-01_2023-02-05T08-35,193,-45.283,37.296,11581.1808,2/5/23 04:15,196741,206.497902,1.358401318,257.4713857,338.6571761,62.05209126,22.05500379,6.015001034,44226.66247,12011.55947
IBE_6300_2023-02-05T01-01_2023-02-05T08-35,194,-45.10026667,37.37826667,11583.6192,2/5/23 04:16,196741,206.4185164,1.384836752,262.4819581,351.5309055,64.41094232,22.48420951,6.13205714,40789.15145,11077.96272
IBE_6300_2023-02-05T01-01_2023-02-05T08-35,195,-44.92516667,37.45683333,11583.6192,2/5/23 04:17,196741,206.4185164,1.435312567,272.0491439,377.2213798,69.11820313,23.30373483,6.355564046,41353.75503,11231.30392
IBE_6300_2023-02-05T01-01_2023-02-05T08-35,196,-44.7472,37.5362,11582.4,2/5/23 04:18,196741,206.4582054,1.320746478,250.3342875,320.8835369,58.79543067,21.44363982,5.848265406,38690.29675,10507.93287
IBE_6300_2023-02-05T01-01_2023-02-05T08-35,197,-44.5702,37.61426667,11582.4,2/5/23 04:19,196741,206.4582054,1.330877614,252.254543,325.2530481,59.5960554,21.60812894,5.893126075,33137.64808,8999.883968
IBE_6300_2023-02-05T01-01_2023-02-05T08-35,198,-44.39475,37.6925,11582.4,2/5/23 04:20,196741,206.4582054,1.402558397,265.8409186,360.1472077,65.98970577,22.77193814,6.210528583,37116.77834,10080.57957
IBE_6300_2023-02-05T01-01_2023-02-05T08-35,199,-44.21506667,37.7712,11582.4,2/5/23 04:21,196741,206.4582054,1.383319206,262.1943223,350.7957419,64.27623843,22.45957063,6.125337445,35520.50508,9647.046266
IBE_6300_2023-02-05T01-01_2023-02-05T08-35,200,-44.03606667,37.8492,11582.4,2/5/23 04:22,196741,206.4582054,1.387834285,263.0501105,353.1308753,64.70410448,22.53287746,6.145330216,34334.83736,9325.029692
IBE_6300_2023-02-05T01-01_2023-02-05T08-35,201,-43.85753333,37.927,11582.4,2/5/23 04:23,196741,206.4582054,1.351414618,256.1471267,335.2533215,61.42840363,21.94156774,5.984063929,32078.92065,8712.343221
IBE_6300_2023-02-05T01-01_2023-02-05T08-35,202,-43.68466667,38.00226667,11581.1808,2/5/23 04:24,196741,206.497902,1.362399535,258.2292079,340.3955573,62.37061454,22.11991886,6.032705142,33850.87789,9193.590699
IBE_6300_2023-02-05T01-01_2023-02-05T08-35,203,-43.50114286,38.08071429,11581.1808,2/5/23 04:25,196741,206.497902,1.352931453,256.4346276,335.6514565,61.50135383,21.96619507,5.990780473,32150.76043,8731.854253
IBE_6300_2023-02-05T01-01_2023-02-05T08-35,204,-43.32206667,38.15806667,11582.4,2/5/23 04:26,196741,206.4582054,1.423476294,269.8056967,370.6376106,67.91186033,23.1115611,6.303153028,31310.65698,8503.689793
IBE_6300_2023-02-05T01-01_2023-02-05T08-35,205,-43.143,38.234,11582.4,2/5/23 04:27,196741,206.4582054,1.331525439,252.3773317,325.4850215,59.63855984,21.61864703,5.895994643,30224.90146,8208.808466
IBE_6300_2023-02-05T01-01_2023-02-05T08-35,206,-42.96306667,38.30906667,11582.4,2/5/23 04:28,196741,206.4582054,1.35927907,257.6377548,338.5184077,62.02666476,22.06925497,6.01888772,30818.48253,8370.019686
IBE_6300_2023-02-05T01-01_2023-02-05T08-35,207,-42.78406667,38.385,11582.4,2/5/23 04:29,196741,206.4582054,1.372326849,260.110831,344.7837832,63.17466835,22.28109872,6.076663288,27422.72505,7447.762825
IBE_6300_2023-02-05T01-01_2023-02-05T08-35,208,-42.60566667,38.45966667,11582.4,2/5/23 04:30,196741,206.4582054,1.3646468,258.6551545,340.9746221,62.47671648,22.15640545,6.042656032,29997.75795,8147.118352
IBE_6300_2023-02-05T01-01_2023-02-05T08-35,209,-42.425,38.534,11582.4,2/5/23 04:31,196741,206.4582054,1.373589945,260.3502381,345.2735715,63.26441216,22.30160634,6.082256275,30546.68936,8296.203134
IBE_6300_2023-02-05T01-01_2023-02-05T08-35,210,-42.245,38.60893333,11582.4,2/5/23 04:32,196741,206.4582054,1.358614129,257.5117219,337.9059187,61.91443852,22.05845899,6.015943361,30519.43839,8288.802018
IBE_6300_2023-02-05T01-01_2023-02-05T08-35,211,-42.06493333,38.68293333,11582.4,2/5/23 04:33,196741,206.4582054,1.382495545,262.0382056,349.4979834,64.03845038,22.44619767,6.121690273,31249.55146,8487.094089
IBE_6300_2023-02-05T01-01_2023-02-05T08-35,212,-41.88393333,38.75686667,11582.4,2/5/23 04:34,196741,206.4582054,1.372141899,260.0757755,344.417352,63.10752724,22.27809587,6.075844328,31458.49328,8543.840788
IBE_6300_2023-02-05T01-01_2023-02-05T08-35,213,-41.70335714,38.82971429,11582.4,2/5/23 04:35,196741,206.4582054,1.367955425,259.2822712,342.299948,62.71955569,22.21012428,6.057306621,32362.37051,8789.325628
IBE_6300_2023-02-05T01-01_2023-02-05T08-35,214,-41.52193333,38.90286667,11582.4,2/5/23 04:36,196741,206.4582054,1.333643736,252.7788337,325.5479652,59.65009301,21.6530397,5.905374463,32480.13156,8821.308457
IBE_6300_2023-02-05T01-01_2023-02-05T08-35,215,-41.34333333,38.975,11582.4,2/5/23 04:37,196741,206.4582054,1.367815392,259.2557295,341.732244,62.61553538,22.20785071,6.056686558,34041.47227,9245.354402
IBE_6300_2023-02-05T01-01_2023-02-05T08-35,216,-41.15986667,39.0478,11581.1808,2/5/23 04:38,196741,206.497902,1.34741225,255.3885179,331.7627611,60.78882889,21.8765853,5.966341444,33837.3066,9189.904859
IBE_6300_2023-02-05T01-01_2023-02-05T08-35,217,-40.97793333,39.1198,11582.4,2/5/23 04:39,196741,206.4582054,1.3760465,260.8158536,345.4988209,63.30568457,22.34149097,6.093133902,32202.00175,8745.77093
IBE_6300_2023-02-05T01-01_2023-02-05T08-35,218,-40.797,39.19166667,11582.4,2/5/23 04:40,196741,206.4582054,1.329682117,252.0279484,323.0640115,59.19495863,21.58871885,5.887832413,33780.50985,9174.479379
IBE_6300_2023-02-05T01-01_2023-02-05T08-35,219,-40.61775,39.26125,11582.4,2/5/23 04:41,196741,206.4582054,1.331482824,252.3692545,323.5950157,59.29225444,21.61795514,5.895805947,48532.93321,13181.10345
IBE_6300_2023-02-05T01-01_2023-02-05T08-35,220,-40.43593333,39.33266667,11582.4,2/5/23 04:42,196741,206.4582054,1.343134299,254.577675,328.9104218,60.26619531,21.80712848,5.947398676,49397.72728,13415.97366
IBE_6300_2023-02-05T01-01_2023-02-05T08-35,221,-40.25530769,39.40246154,11582.4,2/5/23 04:43,196741,206.4582054,1.349884928,255.8571892,332.026119,60.83708391,21.91673168,5.977290459,51071.80925,13870.6391
IBE_6300_2023-02-05T01-01_2023-02-05T08-35,222,-40.07342857,39.47171429,11582.4,2/5/23 04:44,196741,206.4582054,1.332680896,252.596337,323.716799,59.31456876,21.63740702,5.901111006,47008.34828,12767.04004
IBE_6300_2023-02-05T01-01_2023-02-05T08-35,223,-39.88846667,39.53373333,11582.4,2/5/23 04:45,196741,206.4582054,1.339439977,253.8774532,326.7694849,59.87391183,21.74714746,5.931040217,44215.26148,12008.46306
IBE_6300_2023-02-05T01-01_2023-02-05T08-35,224,-39.70133333,39.58955556,11582.4,2/5/23 04:46,196741,206.4582054,1.335442444,253.1197608,324.7638704,59.50642345,21.68224352,5.913339142,45359.85067,12319.32308
IBE_6300_2023-02-05T01-01_2023-02-05T08-35,225,-39.5136,39.64573333,11581.1808,2/5/23 04:47,196741,206.497902,1.274755905,241.6172342,296.3317042,54.29680294,20.69693687,5.644619146,45407.0899,12332.15283
IBE_6300_2023-02-05T01-01_2023-02-05T08-35,226,-39.32753333,39.70166667,11582.4,2/5/23 04:48,196741,206.4582054,1.383090826,262.1510351,347.1363947,63.60573693,22.45586265,6.124326176,47180.5019,12813.7954
IBE_6300_2023-02-05T01-01_2023-02-05T08-35,227,-39.14053333,39.75666667,11582.4,2/5/23 04:49,196741,206.4582054,1.324652262,251.0745898,319.2731937,58.5003678,21.50705413,5.865560218,43208.72112,11735.09585
IBE_6300_2023-02-05T01-01_2023-02-05T08-35,228,-38.95457143,39.81142857,11581.1808,2/5/23 04:50,196741,206.497902,1.335312521,253.0951352,324.2061504,59.40423252,21.68013409,5.912763842,46531.6283,12637.56723
IBE_6300_2023-02-05T01-01_2023-02-05T08-35,229,-38.76766667,39.8656,11581.1808,2/5/23 04:51,196741,206.497902,1.332641799,252.5889265,322.9092599,59.16660352,21.63677224,5.900937884,44791.36331,12164.92708
IBE_6300_2023-02-05T01-01_2023-02-05T08-35,230,-38.589,39.918,11582.4,2/5/23 04:52,196741,206.4582054,1.309029703,248.1134898,311.742528,57.12052532,21.25340625,5.796383523,48268.75146,13109.35409
IBE_6300_2023-02-05T01-01_2023-02-05T08-35,231,-38.39766667,39.97253333,11581.1808,2/5/23 04:53,196741,206.497902,1.344363664,254.8106889,328.3069634,60.15562373,21.82708845,5.952842305,48100.88609,13063.76338
IBE_6300_2023-02-05T01-01_2023-02-05T08-35,232,-38.21266667,40.02546667,11582.4,2/5/23 04:54,196741,206.4582054,1.392706152,263.973524,352.0136909,64.49940299,22.61197708,6.166902841,49069.85659,13326.92696
IBE_6300_2023-02-05T01-01_2023-02-05T08-35,233,-38.02766667,40.07746667,11582.4,2/5/23 04:55,196741,206.4582054,1.282211818,243.0304279,299.7599574,54.92496113,20.81799107,5.677633929,47311.45708,12849.36164
IBE_6300_2023-02-05T01-01_2023-02-05T08-35,234,-37.84266667,40.12946667,11582.4,2/5/23 04:56,196741,206.4582054,1.321627914,250.5013548,317.6778632,58.20805568,21.45795081,5.852168403,48568.91625,13190.87612
IBE_6300_2023-02-05T01-01_2023-02-05T08-35,235,-37.661,40.1805,11581.1808,2/5/23 04:57,196741,206.497902,1.331321126,252.3386062,322.2090246,59.03829954,21.6153298,5.895089947,50786.55243,13793.16594
IBE_6300_2023-02-05T01-01_2023-02-05T08-35,236,-37.47473333,40.23233333,11581.1808,2/5/23 04:58,196741,206.497902,1.318679828,249.9425746,316.2384519,57.94431261,21.41008569,5.839114279,49228.9389,13370.13227
IBE_6300_2023-02-05T01-01_2023-02-05T08-35,237,-37.2908,40.28233333,11582.4,2/5/23 04:59,196741,206.4582054,1.387258371,262.9409517,349.2308412,63.98950195,22.52352692,6.142780068,44487.00618,12082.26645
IBE_6300_2023-02-05T01-01_2023-02-05T08-35,238,-37.10786667,40.33233333,11582.4,2/5/23 05:00,196741,206.4582054,1.330576749,252.197517,322.2793663,59.05118824,21.60324409,5.891793844,45386.24843,12326.49247
IBE_6300_2023-02-05T01-01_2023-02-05T08-35,239,-36.9258,40.38226667,11582.4,2/5/23 05:01,196741,206.4582054,1.347553649,255.4153187,330.4226995,60.54328966,21.87888105,5.96696756,45313.5807,12306.75658
IBE_6300_2023-02-05T01-01_2023-02-05T08-35,240,-36.74273333,40.43126667,11582.4,2/5/23 05:02,196741,206.4582054,1.356105004,257.0361425,334.7481995,61.33585021,22.01772085,6.004832959,44567.37951,12104.09512
IBE_6300_2023-02-05T01-01_2023-02-05T08-35,241,-36.561,40.4795,11582.4,2/5/23 05:03,196741,206.4582054,1.348230033,255.5435205,331.2176862,60.68895493,21.88986282,5.969962586,44758.94473,12156.12249
IBE_6300_2023-02-05T01-01_2023-02-05T08-35,242,-36.37473333,40.5292,11582.4,2/5/23 05:04,196741,206.4582054,1.358209771,257.4350799,336.2396073,61.60912059,22.05189384,6.014152864,42418.0036,11520.34416
IBE_6300_2023-02-05T01-01_2023-02-05T08-35,243,-36.1908,40.5772,11582.4,2/5/23 05:05,196741,206.4582054,1.356099443,257.0350884,335.4748723,61.46899834,22.01763056,6.004808334,41380.56726,11238.58588
IBE_6300_2023-02-05T01-01_2023-02-05T08-35,244,-36.0079,40.6251,11583.6192,2/5/23 05:06,196741,206.4185164,1.336438842,253.308618,326.1852999,59.76687172,21.69842103,5.917751191,39358.46542,10689.4014
IBE_6300_2023-02-05T01-01_2023-02-05T08-35,245,-35.82493333,40.67213333,11582.4,2/5/23 05:07,196741,206.4582054,1.342562404,254.4692781,329.1880525,60.31706552,21.79784319,5.944866325,38632.71159,10492.29326
IBE_6300_2023-02-05T01-01_2023-02-05T08-35,246,-35.64441667,40.719,11582.4,2/5/23 05:08,196741,206.4582054,1.344155733,254.7712777,330.0668658,60.47809031,21.82371249,5.951921588,36994.92,10047.48396
IBE_6300_2023-02-05T01-01_2023-02-05T08-35,247,-35.46193333,40.76506667,11582.4,2/5/23 05:09,196741,206.4582054,1.336972802,253.4098249,326.7557843,59.87140148,21.70709042,5.920115569,32931.04891,8943.773511
IBE_6300_2023-02-05T01-01_2023-02-05T08-35,248,-35.28183333,40.81083333,11582.4,2/5/23 05:10,196741,206.4582054,1.361674793,258.0918402,338.8248376,62.08281185,22.10815193,6.029495982,33589.41192,9122.57892
IBE_6300_2023-02-05T01-01_2023-02-05T08-35,249,-35.09893333,40.857,11582.4,2/5/23 05:11,196741,206.4582054,1.337867589,253.5794229,327.6319489,60.03194094,21.72161818,5.924077686,31886.05281,8659.962071
IBE_6300_2023-02-05T01-01_2023-02-05T08-35,250,-34.918,40.902,11582.4,2/5/23 05:12,196741,206.4582054,1.313656891,248.9905271,316.211734,57.9394171,21.32853328,5.816872713,30347.50046,8242.10524
IBE_6300_2023-02-05T01-01_2023-02-05T08-35,251,-34.738,40.94693333,11582.4,2/5/23 05:13,196741,206.4582054,1.350198516,255.9166267,333.6400737,61.13280854,21.92182311,5.978679029,29242.41834,7941.97498
IBE_6300_2023-02-05T01-01_2023-02-05T08-35,252,-34.55875,40.99075,11582.4,2/5/23 05:14,196741,206.4582054,1.341890766,254.3419758,329.849477,60.4382582,21.78693848,5.941892312,28281.4299,7680.979256
IBE_6300_2023-02-05T01-01_2023-02-05T08-35,253,-34.37906667,41.03486667,11582.4,2/5/23 05:15,196741,206.4582054,1.317642617,249.7459816,318.3576822,58.3326188,21.39324552,5.834521507,26613.4972,7227.983899
IBE_6300_2023-02-05T01-01_2023-02-05T08-35,254,-34.20042857,41.07785714,11582.4,2/5/23 05:16,196741,206.4582054,1.269166629,240.5578428,295.6766644,54.17678012,20.60618938,5.619869831,24934.26295,6771.919142
IBE_6300_2023-02-05T01-01_2023-02-05T08-35,255,-34.02673333,41.11993333,11516.5632,2/5/23 05:17,196741,208.6127804,0.295221327,55.95625026,22.31774573,4.089276391,4.79321346,1.307240035,13501.79918,3666.965914
IBE_6300_2023-02-05T01-01_2023-02-05T08-35,256,-33.845,41.16333333,11364.1632,2/5/23 05:18,196741,213.686883,0.299012992,56.67492256,22.83468224,4.183994572,4.854774943,1.32402953,14752.46358,4006.634994
IBE_6300_2023-02-05T01-01_2023-02-05T08-35,257,-33.6662,41.20573333,11278.8192,2/5/23 05:19,196741,216.5820986,1.392679897,263.9685477,355.4293063,65.12524557,22.61155081,6.166786585,30783.02258,8360.389088
IBE_6300_2023-02-05T01-01_2023-02-05T08-35,258,-33.49033333,41.2465,11277.6,2/5/23 05:20,196741,216.6237417,1.327230732,251.5633129,323.6759248,59.30707939,21.54891816,5.876977681,28300.56152,7686.175232
IBE_6300_2023-02-05T01-01_2023-02-05T08-35,259,-33.31333333,41.28766667,11278.8192,2/5/23 05:21,196741,216.5820986,1.338588458,253.7160564,328.8603253,60.25701612,21.73332221,5.927269693,24766.88871,6726.461819
IBE_6300_2023-02-05T01-01_2023-02-05T08-35,260,-33.13833333,41.32773333,11278.8192,2/5/23 05:22,196741,216.5820986,1.379299748,261.4324743,348.6638477,63.88561185,22.39431071,6.107539286,22941.26593,6230.639269
IBE_6300_2023-02-05T01-01_2023-02-05T08-35,261,-32.96388889,41.36844444,11278.8192,2/5/23 05:23,196741,216.5820986,1.359701624,257.7178457,339.2471965,62.1602006,22.07611556,6.020758789,20481.66574,5562.634217
IBE_6300_2023-02-05T01-01_2023-02-05T08-35,262,-32.78726667,41.4086,11277.6,2/5/23 05:24,196741,216.6237417,1.390547063,263.5642903,354.5561948,64.9652655,22.57692211,6.157342394,16650.90083,4522.233292
IBE_6300_2023-02-05T01-01_2023-02-05T08-35,263,-32.61126667,41.44766667,11277.6,2/5/23 05:25,196741,216.6237417,1.380945475,261.7444053,349.9844306,64.12758201,22.42103073,6.114826564,14225.36457,3863.479696
IBE_6300_2023-02-05T01-01_2023-02-05T08-35,264,-32.43633333,41.48733333,11277.6,2/5/23 05:26,196741,216.6237417,1.397124065,264.8108954,358.1271842,65.61957724,22.68370633,6.186465362,11441.22279,3107.332098
IBE_6300_2023-02-05T01-01_2023-02-05T08-35,265,-32.25926667,41.5266,11277.6,2/5/23 05:27,196741,216.6237417,1.383199246,262.1715851,351.269421,64.36303055,22.45762296,6.124806261,8237.078696,2237.115691
IBE_6300_2023-02-05T01-01_2023-02-05T08-35,266,-32.08313333,41.56553333,11277.6,2/5/23 05:28,196741,216.6237417,1.409673342,267.1894852,364.4972111,66.78675607,22.88745638,6.242033558,5665.542737,1538.709902
IBE_6300_2023-02-05T01-01_2023-02-05T08-35,267,-31.90513333,41.6036,11278.8192,2/5/23 05:29,196741,216.5820986,1.376939147,260.9850458,348.1737322,63.79580807,22.35598398,6.097086541,3643.075498,989.4261863
IBE_6300_2023-02-05T01-01_2023-02-05T08-35,268,-31.729,41.642,11280.0384,2/5/23 05:30,196741,216.5404634,1.389930785,263.4474811,354.4262126,64.94144889,22.56691623,6.154613518,2441.07119,662.9727436
IBE_6300_2023-02-05T01-01_2023-02-05T08-35,269,-31.54913333,41.68053333,11278.8192,2/5/23 05:31,196741,216.5820986,1.375823766,260.7736367,347.3335635,63.64186411,22.33787467,6.092147637,1624.479164,441.193773
IBE_6300_2023-02-05T01-01_2023-02-05T08-35,270,-31.3724,41.7184,11278.8192,2/5/23 05:32,196741,216.5820986,1.379359233,261.4437489,348.8585273,63.92128296,22.3952765,6.107802682,1069.021042,290.3363965
IBE_6300_2023-02-05T01-01_2023-02-05T08-35,271,-31.19426667,41.7564,11277.6,2/5/23 05:33,196741,216.6237417,1.347897069,255.4804104,333.2362099,61.05880865,21.88445681,5.96848822,695.1336022,188.791967
IBE_6300_2023-02-05T01-01_2023-02-05T08-35,272,-31.01826667,41.79246667,11278.8192,2/5/23 05:34,196741,216.5820986,1.370561531,259.7762326,343.8329541,63.0004481,22.25243702,6.068846461,494.4760728,134.2952061
IBE_6300_2023-02-05T01-01_2023-02-05T08-35,273,-30.84226667,41.8294,11278.8192,2/5/23 05:35,196741,216.5820986,1.350325957,255.9407819,333.7506922,61.15307715,21.92389224,5.979243338,264.5682164,71.85432241
IBE_6300_2023-02-05T01-01_2023-02-05T08-35,274,-30.66683333,41.86525,11277.6,2/5/23 05:36,196741,216.6237417,1.366496148,259.0056798,341.3465256,62.54486029,22.18643146,6.050844942,137.3761039,37.31010096
IBE_6300_2023-02-05T01-01_2023-02-05T08-35,275,-30.49233333,41.90133333,11277.6,2/5/23 05:37,196741,216.6237417,1.360091297,257.7917045,338.1204906,61.95375449,22.0824423,6.022484264,74.74330105,20.29960108
IBE_6300_2023-02-05T01-01_2023-02-05T08-35,276,-30.31842857,41.93614286,11278.8192,2/5/23 05:38,196741,216.5820986,1.338873261,253.7700379,327.807091,60.06403221,21.73794627,5.928530801,9.341511178,2.537069513
IBE_6300_2023-02-05T01-01_2023-02-05T08-35,277,-30.14326667,41.971,11277.6,2/5/23 05:39,196741,216.6237417,1.3279536,251.7003254,322.4781744,59.08761581,21.56065466,5.880178542,0,0
IBE_6300_2023-02-05T01-01_2023-02-05T08-35,278,-29.967,41.9996,11278.8192,2/5/23 05:40,196741,216.5820986,1.36647425,259.0015293,340.9644165,62.47484651,22.18607592,6.050747979,0,0
IBE_6300_2023-02-05T01-01_2023-02-05T08-35,279,-29.78706667,42.00853333,11278.8192,2/5/23 05:41,196741,216.5820986,1.34104939,254.1825013,328.964827,60.27616396,21.77327789,5.938166697,0,0
IBE_6300_2023-02-05T01-01_2023-02-05T08-35,280,-29.60806667,42.01646667,11277.6,2/5/23 05:42,196741,216.6237417,1.349725888,255.8270449,333.3112456,61.07255742,21.91414952,5.976586233,0,0
IBE_6300_2023-02-05T01-01_2023-02-05T08-35,281,-29.43033333,42.02333333,11277.6,2/5/23 05:43,196741,216.6237417,1.359834074,257.7429504,338.4631741,62.01654431,22.07826603,6.02134528,0,0
IBE_6300_2023-02-05T01-01_2023-02-05T08-35,282,-29.2517,42.0304,11277.6,2/5/23 05:44,196741,216.6237417,1.369171926,259.5128469,343.3702698,62.91567056,22.22987539,6.062693288,0,0
IBE_6300_2023-02-05T01-01_2023-02-05T08-35,283,-29.0732,42.0364,11278.8192,2/5/23 05:45,196741,216.5820986,1.343107218,254.5725421,330.9756481,60.64460633,21.80668879,5.947278762,0,0
IBE_6300_2023-02-05T01-01_2023-02-05T08-35,284,-28.8962,42.0424,11277.6,2/5/23 05:46,196741,216.6237417,1.424188242,269.9406393,371.4180552,68.05486104,23.12312029,6.306305534,0,0
IBE_6300_2023-02-05T01-01_2023-02-05T08-35,285,-28.71906667,42.0484,11278.8192,2/5/23 05:47,196741,216.5820986,1.369182555,259.5148615,344.4760372,63.11828011,22.23004796,6.062740353,0,0
IBE_6300_2023-02-05T01-01_2023-02-05T08-35,286,-28.54006667,42.05433333,11278.8192,2/5/23 05:48,196741,216.5820986,1.382978821,262.1298058,351.3735552,64.38211104,22.45404415,6.123830222,0,0
IBE_6300_2023-02-05T01-01_2023-02-05T08-35,287,-28.3614,42.05933333,11277.6,2/5/23 05:49,196741,216.6237417,1.363476456,258.4333274,341.8386483,62.63503184,22.13740374,6.037473746,0,0
IBE_6300_2023-02-05T01-01_2023-02-05T08-35,288,-28.18707143,42.06435714,11278.8192,2/5/23 05:50,196741,216.5820986,1.34176523,254.3181818,331.1275741,60.67244371,21.78490028,5.94133644,0,0
IBE_6300_2023-02-05T01-01_2023-02-05T08-35,289,-28.0022,42.06933333,11278.8192,2/5/23 05:51,196741,216.5820986,1.331828967,252.4348625,326.0805092,59.74767094,21.62357511,5.897338667,0,0
IBE_6300_2023-02-05T01-01_2023-02-05T08-35,290,-27.8252,42.07426667,11278.8192,2/5/23 05:52,196741,216.5820986,1.37955689,261.481213,349.2155368,63.98669773,22.39848567,6.10867791,0,0
IBE_6300_2023-02-05T01-01_2023-02-05T08-35,291,-27.6484,42.07826667,11278.8192,2/5/23 05:53,196741,216.5820986,1.310948,248.4770839,316.2631508,57.94883819,21.28455173,5.804877743,0,0
IBE_6300_2023-02-05T01-01_2023-02-05T08-35,292,-27.47446667,42.08226667,11278.8192,2/5/23 05:54,196741,216.5820986,1.355583197,256.9372392,337.5629603,61.85159831,22.00924879,6.002522398,0,0
IBE_6300_2023-02-05T01-01_2023-02-05T08-35,293,-27.30146667,42.0862,11277.6,2/5/23 05:55,196741,216.6237417,1.352587104,256.3693596,336.4679618,61.65096194,21.96060421,5.989255695,0,0
IBE_6300_2023-02-05T01-01_2023-02-05T08-35,294,-27.12911111,42.08922222,11277.6,2/5/23 05:56,196741,216.6237417,1.371023941,259.8638779,345.8516766,63.37033826,22.25994471,6.070894013,0,0
IBE_6300_2023-02-05T01-01_2023-02-05T08-35,295,-26.9555,42.09216667,11278.8192,2/5/23 05:57,196741,216.5820986,1.357510869,257.3026101,339.6100396,62.22668428,22.04054647,6.011058128,0,0
IBE_6300_2023-02-05T01-01_2023-02-05T08-35,296,-26.7804,42.09513333,11278.8192,2/5/23 05:58,196741,216.5820986,1.34942163,255.7693757,335.8197053,61.53218203,21.90920958,5.975238976,0,0
IBE_6300_2023-02-05T01-01_2023-02-05T08-35,297,-26.60653333,42.0972,11278.8192,2/5/23 05:59,196741,216.5820986,1.303196616,247.0078866,313.5102332,57.44442161,21.15870026,5.770554615,0,0
IBE_6300_2023-02-05T01-01_2023-02-05T08-35,298,-26.4346,42.10013333,11278.8192,2/5/23 06:00,196741,216.5820986,1.348180812,255.5341912,334.4352667,61.2785116,21.88906367,5.969744637,0,0
IBE_6300_2023-02-05T01-01_2023-02-05T08-35,299,-26.26373333,42.10213333,11278.8192,2/5/23 06:01,196741,216.5820986,1.303196616,247.0078866,312.6043411,57.27843517,21.15870026,5.770554615,0,0
IBE_6300_2023-02-05T01-01_2023-02-05T08-35,300,-26.09473333,42.10406667,11278.8192,2/5/23 06:02,196741,216.5820986,1.321917374,250.5562191,320.6752347,58.75726349,21.46265049,5.853450133,0,0
IBE_6300_2023-02-05T01-01_2023-02-05T08-35,301,-25.92766667,42.105,11278.8192,2/5/23 06:03,196741,216.5820986,1.321670577,250.5094411,319.9378381,58.62215045,21.45864348,5.852357313,0,0
IBE_6300_2023-02-05T01-01_2023-02-05T08-35,302,-25.7634,42.10606667,11277.6,2/5/23 06:04,196741,216.6237417,1.330612153,252.2042274,323.5698279,59.28763927,21.60381891,5.891950612,0,0
IBE_6300_2023-02-05T01-01_2023-02-05T08-35,303,-25.5898,42.10706667,11278.8192,2/5/23 06:05,196741,216.5820986,1.347408974,255.3878969,330.9976987,60.64864665,21.8765321,5.966326935,0,0
IBE_6300_2023-02-05T01-01_2023-02-05T08-35,304,-25.42173333,42.10806667,11278.8192,2/5/23 06:06,196741,216.5820986,1.383813561,262.2880223,348.3311192,63.82464606,22.46759697,6.127526447,0,0
IBE_6300_2023-02-05T01-01_2023-02-05T08-35,305,-25.25273333,42.109,11278.8192,2/5/23 06:07,196741,216.5820986,1.314390893,249.1296498,314.7522865,57.6720028,21.34045053,5.820122873,0,0
IBE_6300_2023-02-05T01-01_2023-02-05T08-35,306,-25.08373333,42.109,11278.8192,2/5/23 06:08,196741,216.5820986,1.350045382,255.8876017,331.1500544,60.67656276,21.91933682,5.978000952,0,0
IBE_6300_2023-02-05T01-01_2023-02-05T08-35,307,-24.91533333,42.109,11278.8192,2/5/23 06:09,196741,216.5820986,1.334056777,252.8571215,323.4085763,59.25809317,21.65974583,5.907203409,0,0
IBE_6300_2023-02-05T01-01_2023-02-05T08-35,308,-24.74618182,42.10890909,11277.6,2/5/23 06:10,196741,216.6237417,1.36025062,257.8219025,335.9215482,61.55084269,22.08502906,6.023189744,0,0
IBE_6300_2023-02-05T01-01_2023-02-05T08-35,309,-24.57466667,42.10793333,11278.8192,2/5/23 06:11,196741,216.5820986,1.355923966,257.0018285,334.3399763,61.26105156,22.01478151,6.004031322,0,0
IBE_6300_2023-02-05T01-01_2023-02-05T08-35,310,-24.40473333,42.10693333,11278.8192,2/5/23 06:12,196741,216.5820986,1.353553895,256.5526053,333.912694,61.1827607,21.97630104,5.993536648,0,0
IBE_6300_2023-02-05T01-01_2023-02-05T08-35,311,-24.2358,42.10593333,11277.6,2/5/23 06:13,196741,216.6237417,1.358864429,257.5591638,337.4220808,61.825785,22.06252287,6.017051691,0,0
IBE_6300_2023-02-05T01-01_2023-02-05T08-35,312,-24.06773333,42.10493333,11277.6,2/5/23 06:14,196741,216.6237417,1.351692322,256.1997626,335.274313,61.43224991,21.94607653,5.9852936,0,0
IBE_6300_2023-02-05T01-01_2023-02-05T08-35,313,-23.8988,42.10386667,11278.8192,2/5/23 06:15,196741,216.5820986,1.363466573,258.4314543,342.4799637,62.75253993,22.13724328,6.037429987,0,0
IBE_6300_2023-02-05T01-01_2023-02-05T08-35,314,-23.73166667,42.10183333,11278.8192,2/5/23 06:16,196741,216.5820986,1.358517437,257.4933949,341.7052055,62.61058114,22.0568891,6.015515209,0,0
IBE_6300_2023-02-05T01-01_2023-02-05T08-35,315,-23.5645,42.09983333,11277.6,2/5/23 06:17,196741,216.6237417,1.340513846,254.0809943,334.4558939,61.28229112,21.7645828,5.935795309,0,0
IBE_6300_2023-02-05T01-01_2023-02-05T08-35,316,-23.3948,42.0978,11277.6,2/5/23 06:18,196741,216.6237417,1.324327437,251.0130224,327.840363,60.07012862,21.50178027,5.864121891,0,0
IBE_6300_2023-02-05T01-01_2023-02-05T08-35,317,-23.2268,42.09486667,11277.6,2/5/23 06:19,196741,216.6237417,1.359714583,257.720302,346.3407792,63.45995644,22.07632597,6.020816172,0,0
IBE_6300_2023-02-05T01-01_2023-02-05T08-35,318,-23.05886667,42.0928,11277.6,2/5/23 06:20,196741,216.6237417,1.352641475,256.3796652,343.9664547,63.02490941,21.96148699,5.989496452,0,0
IBE_6300_2023-02-05T01-01_2023-02-05T08-35,319,-22.89186667,42.08973333,11277.6,2/5/23 06:21,196741,216.6237417,1.361838128,258.1227988,349.4765433,64.03452191,22.11080385,6.030219231,0,0
IBE_6300_2023-02-05T01-01_2023-02-05T08-35,320,-22.72526667,42.0858,11278.8192,2/5/23 06:22,196741,216.5820986,1.356925207,257.1916038,347.8247866,63.73187083,22.03103767,6.008464818,0,0
IBE_6300_2023-02-05T01-01_2023-02-05T08-35,321,-22.56346667,42.08273333,11278.8192,2/5/23 06:23,196741,216.5820986,1.385009111,262.5146268,362.6494069,66.44818326,22.48700792,6.132820342,0,0
IBE_6300_2023-02-05T01-01_2023-02-05T08-35,322,-22.394,42.079,11277.6,2/5/23 06:24,196741,216.6237417,1.379631052,261.4952697,360.5139318,66.05690055,22.39968977,6.1090063,0,0
IBE_6300_2023-02-05T01-01_2023-02-05T08-35,323,-22.22273333,42.07566667,11277.6,2/5/23 06:25,196741,216.6237417,1.428916356,270.836806,386.5778274,70.83258328,23.19988595,6.327241623,0,0
IBE_6300_2023-02-05T01-01_2023-02-05T08-35,324,-22.05366667,42.07073333,11278.8192,2/5/23 06:26,196741,216.5820986,1.373840053,260.3976437,358.278946,65.64738451,22.30566711,6.083363757,0,0
IBE_6300_2023-02-05T01-01_2023-02-05T08-35,325,-21.88353333,42.06666667,11278.8192,2/5/23 06:27,196741,216.5820986,1.366990822,259.0994404,354.3275504,64.92337103,22.19446299,6.053035361,0,0
IBE_6300_2023-02-05T01-01_2023-02-05T08-35,326,-21.71146667,42.06166667,11278.8192,2/5/23 06:28,196741,216.5820986,1.379341799,261.4404446,359.9081144,65.94589674,22.39499345,6.107725485,0,0
IBE_6300_2023-02-05T01-01_2023-02-05T08-35,327,-21.5395,42.056625,11278.8192,2/5/23 06:29,196741,216.5820986,1.3460267,255.1259006,342.2385265,62.70830144,21.85408949,5.960206226,0,0
IBE_6300_2023-02-05T01-01_2023-02-05T08-35,328,-21.3692,42.0516,11277.6,2/5/23 06:30,196741,216.6237417,1.317468531,249.7129854,326.9843614,59.9132836,21.39041907,5.833750656,0,0
IBE_6300_2023-02-05T01-01_2023-02-05T08-35,329,-21.19753333,42.0456,11277.6,2/5/23 06:31,196741,216.6237417,1.303333282,247.0337904,318.7881472,58.4114928,21.16091917,5.771159775,0,0
IBE_6300_2023-02-05T01-01_2023-02-05T08-35,330,-21.02553333,42.0396,11277.6,2/5/23 06:32,196741,216.6237417,1.35456608,256.7444548,342.0534659,62.67439282,21.99273487,5.998018601,0,0
IBE_6300_2023-02-05T01-01_2023-02-05T08-35,331,-20.85366667,42.0336,11276.3808,2/5/23 06:33,196741,216.6653929,1.349908471,255.8616516,339.0065841,62.11611323,21.91711394,5.977394711,0,0
IBE_6300_2023-02-05T01-01_2023-02-05T08-35,332,-20.6838,42.0276,11277.6,2/5/23 06:34,196741,216.6237417,1.31807186,249.8273404,322.8430296,59.15446816,21.40021472,5.836422198,0,0
IBE_6300_2023-02-05T01-01_2023-02-05T08-35,333,-20.51573333,42.02153333,11277.6,2/5/23 06:35,196741,216.6237417,1.303333282,247.0337904,315.0161292,57.72034665,21.16091917,5.771159775,0,0
IBE_6300_2023-02-05T01-01_2023-02-05T08-35,334,-20.353,42.015,11277.6,2/5/23 06:36,196741,216.6237417,1.303333282,247.0337904,314.2669523,57.58307511,21.16091917,5.771159775,0,0
IBE_6300_2023-02-05T01-01_2023-02-05T08-35,335,-20.17866667,42.00766667,11277.6,2/5/23 06:37,196741,216.6237417,1.335632909,253.1558617,329.0464862,60.29112636,21.68533592,5.914182523,0,0
IBE_6300_2023-02-05T01-01_2023-02-05T08-35,336,-20.0046,42.00113333,11277.6,2/5/23 06:38,196741,216.6237417,1.367049911,259.1106401,344.1385208,63.05643705,22.19542235,6.053297005,0,0
IBE_6300_2023-02-05T01-01_2023-02-05T08-35,337,-19.8338,42.0032,11277.6,2/5/23 06:39,196741,216.6237417,1.303333282,247.0337904,313.4117722,57.42638061,21.16091917,5.771159775,0,0
IBE_6300_2023-02-05T01-01_2023-02-05T08-35,338,-19.66593333,42.0062,11277.6,2/5/23 06:40,196741,216.6237417,1.309116017,248.1298498,315.6069728,57.82860681,21.25480765,5.796765722,0,0
IBE_6300_2023-02-05T01-01_2023-02-05T08-35,339,-19.49986667,42.0092,11278.8192,2/5/23 06:41,196741,216.5820986,1.321060622,250.3938302,320.9053361,58.79942494,21.44874025,5.849656433,0,0
IBE_6300_2023-02-05T01-01_2023-02-05T08-35,340,-19.3333,42.0122,11278.8192,2/5/23 06:42,196741,216.5820986,1.350590696,255.9909605,334.868504,61.35789359,21.92819054,5.980415601,0,0
IBE_6300_2023-02-05T01-01_2023-02-05T08-35,341,-19.16608333,42.01516667,11278.8192,2/5/23 06:43,196741,216.5820986,1.36326952,258.3941048,341.0562301,62.49166949,22.13404393,6.036557434,0,0
IBE_6300_2023-02-05T01-01_2023-02-05T08-35,342,-18.9966,42.01713333,11277.6,2/5/23 06:44,196741,216.6237417,1.341429319,254.2545131,330.4591643,60.5499711,21.77944642,5.939849025,0,0
IBE_6300_2023-02-05T01-01_2023-02-05T08-35,343,-18.82573333,42.01913333,11277.6,2/5/23 06:45,196741,216.6237417,1.34203994,254.3702502,330.5634705,60.5690831,21.78936046,5.942552853,0,0
IBE_6300_2023-02-05T01-01_2023-02-05T08-35,344,-18.65666667,42.02113333,11277.6,2/5/23 06:46,196741,216.6237417,1.332468789,252.5561342,325.7551992,59.68806445,21.63396325,5.900171797,0,0
IBE_6300_2023-02-05T01-01_2023-02-05T08-35,345,-18.48673333,42.02306667,11278.8192,2/5/23 06:47,196741,216.5820986,1.306802953,247.6914317,313.2844767,57.40305629,21.21725275,5.786523477,0,0
IBE_6300_2023-02-05T01-01_2023-02-05T08-35,346,-18.31786667,42.02406667,11278.8192,2/5/23 06:48,196741,216.5820986,1.327118522,251.5420447,322.3962411,59.07260318,21.54709633,5.876480817,0,0
IBE_6300_2023-02-05T01-01_2023-02-05T08-35,347,-18.15275,42.025,11277.6,2/5/23 06:49,196741,216.6237417,1.315797683,249.3962929,316.6882373,58.02672672,21.36329119,5.826352142,0,0
IBE_6300_2023-02-05T01-01_2023-02-05T08-35,348,-17.9872,42.026,11278.8192,2/5/23 06:50,196741,216.5820986,1.303196616,247.0078866,310.3643715,56.86800597,21.15870026,5.770554615,0,0
IBE_6300_2023-02-05T01-01_2023-02-05T08-35,349,-17.82104918,42.027,11278.8192,2/5/23 06:51,196741,216.5820986,1.330702488,252.2213495,322.8004241,59.14666156,21.60528559,5.892350616,0,0
IBE_6300_2023-02-05T01-01_2023-02-05T08-35,350,-17.6567,42.027,11278.8192,2/5/23 06:52,196741,216.5820986,1.303196616,247.0078866,309.5843973,56.72509143,21.15870026,5.770554615,0,0
IBE_6300_2023-02-05T01-01_2023-02-05T08-35,351,-17.49075,42.027,11278.8192,2/5/23 06:53,196741,216.5820986,1.356418282,257.0955211,334.329836,61.25919356,22.02280722,6.006220151,0,0
IBE_6300_2023-02-05T01-01_2023-02-05T08-35,352,-17.32585,42.027,11278.8192,2/5/23 06:54,196741,216.5820986,1.325173133,251.1733156,319.3942131,58.52254215,21.51551098,5.867866632,0,0
IBE_6300_2023-02-05T01-01_2023-02-05T08-35,353,-17.163125,42.02694643,11277.6,2/5/23 06:55,196741,216.6237417,1.321434469,250.4646892,317.3479164,58.14759959,21.45481003,5.851311827,0,0
IBE_6300_2023-02-05T01-01_2023-02-05T08-35,354,-16.9998,42.02595,11278.8192,2/5/23 06:56,196741,216.5820986,1.309694892,248.2395698,311.5791602,57.09059146,21.26420626,5.799328981,0,0
IBE_6300_2023-02-05T01-01_2023-02-05T08-35,355,-16.84025,42.025,11278.8192,2/5/23 06:57,196741,216.5820986,1.344846298,254.9021673,327.8921445,60.07961654,21.83492449,5.954979406,0,0
IBE_6300_2023-02-05T01-01_2023-02-05T08-35,356,-16.67188525,42.02395082,11278.8192,2/5/23 06:58,196741,216.5820986,1.337083103,253.4307314,324.1999916,59.40310405,21.70888127,5.920603982,0,0
IBE_6300_2023-02-05T01-01_2023-02-05T08-35,357,-16.50956667,42.02293333,11278.8192,2/5/23 06:59,196741,216.5820986,1.362638613,258.2745227,336.418559,61.64190988,22.12380052,6.033763778,0,0
IBE_6300_2023-02-05T01-01_2023-02-05T08-35,358,-16.34663333,42.02096667,11278.8192,2/5/23 07:00,196741,216.5820986,1.303196616,247.0078866,308.3727936,56.50308951,21.15870026,5.770554615,0,0
IBE_6300_2023-02-05T01-01_2023-02-05T08-35,359,-16.18553333,42.01993333,11277.6,2/5/23 07:01,196741,216.6237417,1.327579769,251.6294694,319.3166656,58.50833313,21.55458513,5.878523217,0,0
IBE_6300_2023-02-05T01-01_2023-02-05T08-35,360,-16.021875,42.0179375,11278.8192,2/5/23 07:02,196741,216.5820986,1.323317377,250.8215757,317.2061951,58.12163202,21.48538094,5.859649347,0,0
IBE_6300_2023-02-05T01-01_2023-02-05T08-35,361,-15.85880769,42.01492308,11278.8192,2/5/23 07:03,196741,216.5820986,1.354772511,256.7835817,332.0297825,60.83775517,21.99608648,5.998932677,0,0
IBE_6300_2023-02-05T01-01_2023-02-05T08-35,362,-15.69659091,42.01290909,11278.8192,2/5/23 07:04,196741,216.5820986,1.314853109,249.2172582,313.2216565,57.39154576,21.34795507,5.822169565,0,0
IBE_6300_2023-02-05T01-01_2023-02-05T08-35,363,-15.53463333,42.0099,11278.8192,2/5/23 07:05,196741,216.5820986,1.333468694,252.7456562,321.7420446,58.95273489,21.65019771,5.904599375,0,0
IBE_6300_2023-02-05T01-01_2023-02-05T08-35,364,-15.37363333,42.0069,11277.6,2/5/23 07:06,196741,216.6237417,1.33704741,253.4239661,323.3794868,59.2527631,21.70830175,5.920445932,0,0
IBE_6300_2023-02-05T01-01_2023-02-05T08-35,365,-15.21241667,42.00391667,11277.6,2/5/23 07:07,196741,216.6237417,1.320532302,250.2936925,315.5560503,57.8192763,21.44016245,5.847317032,0,0
IBE_6300_2023-02-05T01-01_2023-02-05T08-35,366,-15.0486,42.0009,11277.6,2/5/23 07:08,196741,216.6237417,1.321436219,250.465021,315.8123111,57.86623092,21.45483845,5.851319579,0,0
IBE_6300_2023-02-05T01-01_2023-02-05T08-35,367,-14.888,41.997,11277.6,2/5/23 07:09,196741,216.6237417,1.324051766,250.9607717,316.9013634,58.06577777,21.49730447,5.86290122,0,0
IBE_6300_2023-02-05T01-01_2023-02-05T08-35,368,-14.72491667,41.993875,11277.6,2/5/23 07:10,196741,216.6237417,1.309807956,248.261,310.1401017,56.82691304,21.26604197,5.799829629,0,0
IBE_6300_2023-02-05T01-01_2023-02-05T08-35,369,-14.56266667,41.98986667,11277.6,2/5/23 07:11,196741,216.6237417,1.334763275,252.9910311,321.6285093,58.93193184,21.67121653,5.910331782,0,0
IBE_6300_2023-02-05T01-01_2023-02-05T08-35,370,-14.4027,41.98586667,11277.6,2/5/23 07:12,196741,216.6237417,1.30408941,247.1771068,307.2997135,56.30646925,21.17319566,5.774507907,0,0
IBE_6300_2023-02-05T01-01_2023-02-05T08-35,371,-14.24366667,41.98183333,11277.6,2/5/23 07:13,196741,216.6237417,1.303333282,247.0337904,306.7110014,56.19859964,21.16091917,5.771159775,0,0
IBE_6300_2023-02-05T01-01_2023-02-05T08-35,372,-14.08363333,41.97683333,11277.6,2/5/23 07:14,196741,216.6237417,1.310031826,248.3034324,309.5975273,56.72749723,21.26967673,5.800820927,0,0
IBE_6300_2023-02-05T01-01_2023-02-05T08-35,373,-13.92286364,41.97186364,11278.8192,2/5/23 07:15,196741,216.5820986,1.320629105,250.3120406,314.40521,57.60840805,21.44173415,5.847745678,0,0
IBE_6300_2023-02-05T01-01_2023-02-05T08-35,374,-13.76166667,41.96683333,11278.8192,2/5/23 07:16,196741,216.5820986,1.310325205,248.3590394,309.5863285,56.72544528,21.27444003,5.802120009,0,0
IBE_6300_2023-02-05T01-01_2023-02-05T08-35,375,-13.60191667,41.96183333,11277.6,2/5/23 07:17,196741,216.6237417,1.315848991,249.4060177,312.0588813,57.17849067,21.36412421,5.826579331,0,0
IBE_6300_2023-02-05T01-01_2023-02-05T08-35,376,-13.44273333,41.9568,11278.8192,2/5/23 07:18,196741,216.5820986,1.303196616,247.0078866,306.1654088,56.09863081,21.15870026,5.770554615,0,0
IBE_6300_2023-02-05T01-01_2023-02-05T08-35,377,-13.2847,41.9508,11277.6,2/5/23 07:19,196741,216.6237417,1.303333282,247.0337904,306.0976343,56.0862125,21.16091917,5.771159775,0,0
IBE_6300_2023-02-05T01-01_2023-02-05T08-35,378,-13.1257,41.9448,11278.8192,2/5/23 07:20,196741,216.5820986,1.318352054,249.8804484,312.9547123,57.34263362,21.40476396,5.837662897,0,0
IBE_6300_2023-02-05T01-01_2023-02-05T08-35,379,-12.96663333,41.9388,11278.8192,2/5/23 07:21,196741,216.5820986,1.316924731,249.6099135,312.3636853,57.23433986,21.38158994,5.83134271,0,0
IBE_6300_2023-02-05T01-01_2023-02-05T08-35,380,-12.80616667,41.93275,11278.8192,2/5/23 07:22,196741,216.5820986,1.320014858,250.1956162,313.8758782,57.51141867,21.43176124,5.845025792,0,0
IBE_6300_2023-02-05T01-01_2023-02-05T08-35,381,-12.64673333,41.9258,11278.8192,2/5/23 07:23,196741,216.5820986,1.323391601,250.835644,315.5580493,57.81964257,21.48658603,5.859978007,0,0
IBE_6300_2023-02-05T01-01_2023-02-05T08-35,382,-12.48888462,41.91976923,11278.8192,2/5/23 07:24,196741,216.5820986,1.303196616,247.0078866,306.3001746,56.12332392,21.15870026,5.770554615,0,0
IBE_6300_2023-02-05T01-01_2023-02-05T08-35,383,-12.3287,41.91273333,11278.8192,2/5/23 07:25,196741,216.5820986,1.356203835,257.054875,330.9644601,60.64255635,22.01932547,6.005270583,0,0
IBE_6300_2023-02-05T01-01_2023-02-05T08-35,384,-12.16966667,41.90476667,11278.8192,2/5/23 07:26,196741,216.5820986,1.3333313,252.7196146,320.5649911,58.73706359,21.64796699,5.903990996,0,0
IBE_6300_2023-02-05T01-01_2023-02-05T08-35,385,-12.00963333,41.89773333,11278.8192,2/5/23 07:27,196741,216.5820986,1.323236382,250.8062239,316.024885,57.90518079,21.4840659,5.859290701,0,0
IBE_6300_2023-02-05T01-01_2023-02-05T08-35,386,-11.8488,41.88976667,11278.8192,2/5/23 07:28,196741,216.5820986,1.325642225,251.2622274,317.2606408,58.13160809,21.52312717,5.869943774,0,0
IBE_6300_2023-02-05T01-01_2023-02-05T08-35,387,-11.69246667,41.8827,11278.8192,2/5/23 07:29,196741,216.5820986,1.32407021,250.9642676,316.6439979,58.01862073,21.49760393,5.862982889,0,0
IBE_6300_2023-02-05T01-01_2023-02-05T08-35,388,-11.52663333,41.87373333,11278.8192,2/5/23 07:30,196741,216.5820986,1.311216617,248.5279976,310.7424998,56.93729034,21.28891299,5.80606718,0,0
IBE_6300_2023-02-05T01-01_2023-02-05T08-35,389,-11.36580769,41.86573077,11278.8192,2/5/23 07:31,196741,216.5820986,1.343635207,254.6726172,325.9983544,59.73261774,21.81526122,5.949616697,0,0
IBE_6300_2023-02-05T01-01_2023-02-05T08-35,390,-11.20463333,41.85673333,11277.6,2/5/23 07:32,196741,216.6237417,1.303333282,247.0337904,307.3517461,56.31600316,21.16091917,5.771159775,0,0
IBE_6300_2023-02-05T01-01_2023-02-05T08-35,391,-11.04363333,41.84866667,11278.8192,2/5/23 07:33,196741,216.5820986,1.322801424,250.723782,316.2420526,57.94497238,21.47700393,5.857364707,0,0
IBE_6300_2023-02-05T01-01_2023-02-05T08-35,392,-10.88263333,41.8387,11278.8192,2/5/23 07:34,196741,216.5820986,1.318420761,249.893471,314.3129926,57.59151107,21.40587947,5.837967128,0,0
IBE_6300_2023-02-05T01-01_2023-02-05T08-35,393,-10.7219,41.8297,11278.8192,2/5/23 07:35,196741,216.5820986,1.334543013,252.9492827,321.9835179,58.99697999,21.66764036,5.909356463,0,0
IBE_6300_2023-02-05T01-01_2023-02-05T08-35,394,-10.56156667,41.82056667,11277.6,2/5/23 07:36,196741,216.6237417,1.350795775,256.0298312,329.9398034,60.45480871,21.9315202,5.981323692,0,0
IBE_6300_2023-02-05T01-01_2023-02-05T08-35,395,-10.39914286,41.80714286,11278.8192,2/5/23 07:37,196741,216.5820986,0.301136325,57.07737905,22.98753123,4.212001064,4.889249374,1.333431647,0,0
IBE_6300_2023-02-05T01-01_2023-02-05T08-35,396,-10.240875,41.779125,11202.0096,2/5/23 07:38,196741,219.2213165,0.302778659,57.38866711,23.18338878,4.247888006,4.915914314,1.340703904,0,0
IBE_6300_2023-02-05T01-01_2023-02-05T08-35,397,-10.0825,41.7515,10980.1152,2/5/23 07:39,196741,227.0275584,0.307510662,58.28557096,23.72786378,4.34765206,4.992743115,1.361657213,0,0
IBE_6300_2023-02-05T01-01_2023-02-05T08-35,398,-9.92152381,41.72264286,10825.2768,2/5/23 07:40,196741,232.6224764,0.310812665,58.91143244,24.12345124,4.420135476,5.046354421,1.376278479,0,0
IBE_6300_2023-02-05T01-01_2023-02-05T08-35,399,-9.7565,41.69316667,10374.1728,2/5/23 07:41,196741,249.5622587,1.440756892,273.0810613,362.2505727,66.37510493,23.3921289,6.379671518,0,0
IBE_6300_2023-02-05T01-01_2023-02-05T08-35,400,-9.594,41.66441667,10363.2,2/5/23 07:42,196741,249.9864099,1.443318501,273.5665886,363.4734045,66.59916417,23.43371918,6.391014321,0,0
IBE_6300_2023-02-05T01-01_2023-02-05T08-35,401,-9.428833333,41.634,10363.2,2/5/23 07:43,196741,249.9864099,1.434166654,271.8319476,358.8430294,65.75074141,23.28512979,6.350489944,0,0
IBE_6300_2023-02-05T01-01_2023-02-05T08-35,402,-9.264666667,41.604,10363.2,2/5/23 07:44,196741,249.9864099,1.483923098,281.2627839,383.0585868,70.18775349,24.09297541,6.570811476,0,0
IBE_6300_2023-02-05T01-01_2023-02-05T08-35,403,-9.1045,41.57425,10361.9808,2/5/23 07:45,196741,250.0335738,1.434356654,271.8679602,358.7733008,65.73796505,23.28821464,6.351331264,0,0
IBE_6300_2023-02-05T01-01_2023-02-05T08-35,404,-8.942611111,41.544,10363.2,2/5/23 07:46,196741,249.9864099,1.459637057,276.6596078,370.6017735,67.9052939,23.69866726,6.463272889,0,0
IBE_6300_2023-02-05T01-01_2023-02-05T08-35,405,-8.7815,41.5135,10361.9808,2/5/23 07:47,196741,250.0335738,1.434356654,271.8679602,358.3561777,65.66153567,23.28821464,6.351331264,0,0
IBE_6300_2023-02-05T01-01_2023-02-05T08-35,406,-8.6228,41.4837,10361.9808,2/5/23 07:48,196741,250.0335738,1.474919937,279.5563249,378.3981056,69.33381438,23.9468001,6.530945482,0,0
IBE_6300_2023-02-05T01-01_2023-02-05T08-35,407,-8.454083333,41.45158333,10361.9808,2/5/23 07:49,196741,250.0335738,1.464912537,277.6595223,373.7165321,68.47601054,23.78431995,6.486632714,0,0
IBE_6300_2023-02-05T01-01_2023-02-05T08-35,408,-8.2975,41.42083333,10361.9808,2/5/23 07:50,196741,250.0335738,1.454815086,275.7456514,368.8127686,67.57749486,23.62037774,6.441921201,0,0
IBE_6300_2023-02-05T01-01_2023-02-05T08-35,409,-8.130166667,41.38866667,10361.9808,2/5/23 07:51,196741,250.0335738,1.434356654,271.8679602,358.6508082,65.71552075,23.28821464,6.351331264,0,0
IBE_6300_2023-02-05T01-01_2023-02-05T08-35,410,-7.97225,41.357,10360.7616,2/5/23 07:52,196741,250.0807449,1.490835402,282.572942,386.4233516,70.80427871,24.20520358,6.601419158,0,0
IBE_6300_2023-02-05T01-01_2023-02-05T08-35,411,-7.8065,41.324375,10363.2,2/5/23 07:53,196741,249.9864099,1.434166654,271.8319476,358.3889798,65.66754599,23.28512979,6.350489944,0,0
IBE_6300_2023-02-05T01-01_2023-02-05T08-35,412,-7.644083333,41.29216667,10363.2,2/5/23 07:54,196741,249.9864099,1.434166654,271.8319476,357.4720912,65.49954466,23.28512979,6.350489944,0,0
IBE_6300_2023-02-05T01-01_2023-02-05T08-35,413,-7.4856875,41.26,10361.9808,2/5/23 07:55,196741,250.0335738,1.434356654,271.8679602,357.0796273,65.42763357,23.28821464,6.351331264,0,0
IBE_6300_2023-02-05T01-01_2023-02-05T08-35,414,-7.322,41.2275,10363.2,2/5/23 07:56,196741,249.9864099,1.434166654,271.8319476,356.5462775,65.32990798,23.28512979,6.350489944,0,0
IBE_6300_2023-02-05T01-01_2023-02-05T08-35,415,-7.160666667,41.1945,10361.9808,2/5/23 07:57,196741,250.0335738,1.460876562,276.8945435,368.9766575,67.60752419,23.71879185,6.468761415,0,0
IBE_6300_2023-02-05T01-01_2023-02-05T08-35,416,-7.003615385,41.16180769,10361.9808,2/5/23 07:58,196741,250.0335738,1.450858561,274.9957316,364.311542,66.75273595,23.55613959,6.424401706,0,0
IBE_6300_2023-02-05T01-01_2023-02-05T08-35,417,-6.849875,41.129625,10361.9808,2/5/23 07:59,196741,250.0335738,0.321780331,60.99024399,25.65416685,4.700608212,5.224425458,1.424843307,0,0
IBE_6300_2023-02-05T01-01_2023-02-05T08-35,418,-6.687340909,41.09581818,10232.7456,2/5/23 08:00,196741,255.0739754,1.483783307,281.2362879,380.0691716,69.64000349,24.09070577,6.570192482,0,0
IBE_6300_2023-02-05T01-01_2023-02-05T08-35,419,-6.531204545,41.06309091,10232.7456,2/5/23 08:01,196741,255.0739754,0.324995664,61.5996781,26.02864075,4.769222994,5.276629596,1.439080799,0,0
IBE_6300_2023-02-05T01-01_2023-02-05T08-35,420,-6.366714286,41.02753571,9762.1344,2/5/23 08:02,196741,274.1289037,1.519823966,288.0674345,396.9545999,72.73391738,24.67586191,6.729780521,0,0
IBE_6300_2023-02-05T01-01_2023-02-05T08-35,421,-6.199545455,40.99227273,9752.3808,2/5/23 08:03,196741,274.5356729,1.546345607,293.0943463,409.8343352,75.09386887,25.10646727,6.847218347,0,0
IBE_6300_2023-02-05T01-01_2023-02-05T08-35,422,-6.035909091,40.95695455,9752.3808,2/5/23 08:04,196741,274.5356729,1.521167966,288.3221762,397.0935438,72.75937603,24.69768309,6.735731752,0,0
IBE_6300_2023-02-05T01-01_2023-02-05T08-35,423,-5.8735,40.922,9734.0928,2/5/23 08:05,196741,275.2996825,0.336249334,63.73269869,27.32038396,5.005908863,5.45934418,1.488912049,0,0
IBE_6300_2023-02-05T01-01_2023-02-05T08-35,424,-5.7105,40.886,9568.2816,2/5/23 08:06,196741,282.3055936,1.546535959,293.1304256,408.0424357,74.76553946,25.10955783,6.848061225,0,0
IBE_6300_2023-02-05T01-01_2023-02-05T08-35,425,-5.554083333,40.85145833,9496.3488,2/5/23 08:07,196741,285.3894759,0.341319337,64.6936671,27.89103365,5.110468898,5.541660753,1.511362023,0,0
IBE_6300_2023-02-05T01-01_2023-02-05T08-35,426,-5.392346154,40.81607692,9350.0448,2/5/23 08:08,196741,291.7459626,0.344790337,65.35156044,28.33793716,5.192354946,5.598015908,1.526731611,0,0
IBE_6300_2023-02-05T01-01_2023-02-05T08-35,427,-5.236916667,40.78075,9136.6848,2/5/23 08:09,196741,301.2208995,0.350098669,66.35770166,29.0549982,5.323741905,5.684201985,1.550236905,0,0
IBE_6300_2023-02-05T01-01_2023-02-05T08-35,428,-5.0765,40.745,8962.3392,2/5/23 08:10,196741,309.146913,0.354436334,67.17986278,29.63989115,5.430911732,5.754628322,1.569444088,0,0
IBE_6300_2023-02-05T01-01_2023-02-05T08-35,429,-4.9225,40.7095,8819.6928,2/5/23 08:11,196741,315.7566978,0.357915999,67.83939844,29.99271755,5.495560048,5.811124159,1.584852043,0,0
IBE_6300_2023-02-05T01-01_2023-02-05T08-35,430,-4.773625,40.67591667,8529.5232,2/5/23 08:12,196741,329.5555576,0.280239792,53.11665025,23.25890193,4.261724267,4.549973269,1.240901801,0,0
IBE_6300_2023-02-05T01-01_2023-02-05T08-35,431,-4.626,40.642125,7301.7888,2/5/23 08:13,196741,393.4544617,0.302028888,57.24655542,25.42482496,4.65858594,4.903741024,1.337383916,0,0
IBE_6300_2023-02-05T01-01_2023-02-05T08-35,432,-4.5005,40.57875,6043.5744,2/5/23 08:14,196741,468.9942116,0.42163766,79.91720204,39.64336177,7.263845791,6.845709045,1.867011558,0,0
IBE_6300_2023-02-05T01-01_2023-02-05T08-35,433,-4.412125,40.50634375,5877.7632,2/5/23 08:15,196741,479.7682921,0.425762998,80.69911858,40.1446935,7.355704709,6.91268803,1.885278554,0,0
IBE_6300_2023-02-05T01-01_2023-02-05T08-35,434,-4.333714286,40.44007143,5715.6096,2/5/23 08:16,196741,490.4976833,0.429797335,81.46378695,40.63633823,7.445788682,6.978189537,1.903142601,0,0
IBE_6300_2023-02-05T01-01_2023-02-05T08-35,435,-4.2565,40.39475,5625.3888,2/5/23 08:17,196741,496.5510209,0.331780632,62.885701,28.53876345,5.229152309,5.386790342,1.469124639,0,0
IBE_6300_2023-02-05T01-01_2023-02-05T08-35,436,-4.158346154,40.36880769,5379.1104,2/5/23 08:18,196741,513.3835644,0.336151434,63.71414276,29.04931598,5.322700754,5.457754679,1.488478549,0,0
IBE_6300_2023-02-05T01-01_2023-02-05T08-35,437,-4.059785714,40.34592857,4834.128,2/5/23 08:19,196741,552.2774958,0.345823455,65.54737772,30.19367586,5.532381601,5.614789621,1.53130626,0,0
IBE_6300_2023-02-05T01-01_2023-02-05T08-35,438,-3.964583333,40.32425,4415.9424,2/5/23 08:20,196741,583.7117356,0.459965998,87.18195522,45.35573229,8.310522376,7.46800794,2.036729438,0,0
IBE_6300_2023-02-05T01-01_2023-02-05T08-35,439,-3.871125,40.3060625,4272.0768,2/5/23 08:21,196741,594.8547356,0.355798404,67.43802944,31.36591737,5.747171196,5.776742883,1.575475332,0,0
IBE_6300_2023-02-05T01-01_2023-02-05T08-35,440,-3.776888889,40.29333333,3678.3264,2/5/23 08:22,196741,642.681343,0.366335931,69.43531228,32.65347976,5.983091013,5.947830169,1.622135501,0,0
IBE_6300_2023-02-05T01-01_2023-02-05T08-35,441,-3.6805,40.28285,3193.0848,2/5/23 08:23,196741,684.0384826,0.374947708,71.0675886,33.76677319,6.18707956,6.08765099,1.660268452,0,0
IBE_6300_2023-02-05T01-01_2023-02-05T08-35,442,-3.582333333,40.27166667,2590.8,2/5/23 08:24,196741,738.3418125,0.385636698,73.09357982,35.12390551,6.435746661,6.261197435,1.707599301,0,0
IBE_6300_2023-02-05T01-01_2023-02-05T08-35,443,-3.483722222,40.26244444,1979.9808,2/5/23 08:25,196741,796.9280497,0.396477152,75.14827941,36.555796,6.698111689,6.437203042,1.75560083,0,0
IBE_6300_2023-02-05T01-01_2023-02-05T08-35,444,-3.4045,40.28275,1581.3024,2/5/23 08:26,196741,837.1563339,0.410088318,77.7281398,38.2079016,7.00082669,6.658193932,1.815871072,0,0
IBE_6300_2023-02-05T01-01_2023-02-05T08-35,445,-3.40935,40.3458,1525.2192,2/5/23 08:27,196741,842.9448982,0.404547989,76.67802581,37.7734185,6.921216432,6.568241148,1.791338495,0,0
IBE_6300_2023-02-05T01-01_2023-02-05T08-35,446,-3.45325,40.39125,1200.912,2/5/23 08:28,196741,877.0569822,0.410303599,77.76894416,38.76378969,7.102681962,6.661689234,1.816824337,0,0
IBE_6300_2023-02-05T01-01_2023-02-05T08-35,447,-3.4886875,40.426,1026.5664,2/5/23 08:29,196741,895.852169,0.41339778,78.3554153,39.33459488,7.207270491,6.711926363,1.830525372,0,0
IBE_6300_2023-02-05T01-01_2023-02-05T08-35,448,-3.519,40.45661111,763.2192,2/5/23 08:30,196741,924.8593557,0.476251998,90.26880365,46.13711559,8.453695093,7.732427436,2.108843846,0,0
IBE_6300_2023-02-05T01-01_2023-02-05T08-35,449,-3.548,40.48475,581.5584,2/5/23 08:31,196741,945.3086019,3.484684852,660.4871668,1563.480658,286.4762696,56.57734325,15.43018452,0,0
IBE_6300_2023-02-05T01-01_2023-02-05T08-35,450,-3.55925,40.4933,588.8736,2/5/23 08:32,196741,944.4781302,5.097219781,966.1270373,3311.045153,606.6821864,82.75846037,22.57048919,0,0
IBE_6300_2023-02-05T01-01_2023-02-05T08-35,451,-3.562457143,40.49572857,593.7504,2/5/23 08:33,196741,943.9248107,1.363333384,258.4062096,259.6006721,47.56658277,22.13508083,6.036840225,0,0
IBE_6300_2023-02-05T01-01_2023-02-05T08-35,452,-3.565028571,40.49701429,593.7504,2/5/23 08:34,196741,943.9248107,1.363333384,258.4062096,259.6649903,47.57836779,22.13508083,6.036840225,0,0
IBE_6300_2023-02-05T01-01_2023-02-05T08-35,453,-3.567,40.498,593.7504,2/5/23 08:35,196741,943.9248107,,,,,,,0,0