Timestamp,UTC,Callsign,Altitude,Speed,Direction,latitude,longitude,nautical_miles
1717010768.0,2024-05-29T19:26:08Z,TRA6731,300.0,162.0,2624.0,52.29604,4.777875,0.0
1717010776.0,2024-05-29T19:26:16Z,TRA6731,625.0,161.0,2688.0,52.290894,4.777374,0.30951556637497274
1717010780.0,2024-05-29T19:26:20Z,TRA6731,800.0,164.0,2496.0,52.287872,4.777145,0.4911427978414536
1717010784.0,2024-05-29T19:26:24Z,TRA6731,1025.0,160.0,2176.0,52.283749,4.77764,0.7380079909582783
1717010788.0,2024-05-29T19:26:28Z,TRA6731,1100.0,169.0,1920.0,52.281784,4.77829,0.856072752199494
1717010796.0,2024-05-29T19:26:36Z,TRA6731,1375.0,179.0,1530.0,52.274719,4.781486,1.286975075710048
1717010800.0,2024-05-29T19:26:40Z,TRA6731,1425.0,184.0,960.0,52.272354,4.782639,1.4328431769317829
1717010804.0,2024-05-29T19:26:44Z,TRA6731,1500.0,193.0,1280.0,52.269783,4.78384,1.591635005994449
1717010808.0,2024-05-29T19:26:48Z,TRA6731,1600.0,198.0,1856.0,52.26606,4.785409,1.8211627000364778
1717010816.0,2024-05-29T19:26:56Z,TRA6731,1900.0,207.0,1696.0,52.256927,4.7892,2.384930610084526
1717010820.0,2024-05-29T19:27:00Z,TRA6731,1975.0,215.0,1664.0,52.253952,4.790421,2.568672554962092
1717010824.0,2024-05-29T19:27:04Z,TRA6731,2075.0,221.0,1664.0,52.250427,4.791946,2.78698939729305
1717010828.0,2024-05-29T19:27:08Z,TRA6731,2225.0,227.0,1856.0,52.245808,4.794041,3.0738814179395293
1717010836.0,2024-05-29T19:27:16Z,TRA6731,2500.0,236.0,2752.0,52.238316,4.797494,3.539952573665382
1717010840.0,2024-05-29T19:27:20Z,TRA6731,2775.0,230.0,3260.0,52.232437,4.800262,3.9063552665324304
1717010844.0,2024-05-29T19:27:24Z,TRA6731,2925.0,240.0,3264.0,52.229237,4.801653,4.104957925592668
1717010848.0,2024-05-29T19:27:28Z,TRA6731,3100.0,241.0,2912.0,52.225525,4.803009,4.333335694278251
1717010856.0,2024-05-29T19:27:36Z,TRA6731,3475.0,246.0,2400.0,52.215958,4.804611,4.907541910823215
1717010860.0,2024-05-29T19:27:40Z,TRA6731,3625.0,249.0,2368.0,52.211967,4.804635,5.142711891807182
1717010864.0,2024-05-29T19:27:44Z,TRA6731,3825.0,252.0,2592.0,52.206009,4.804008,5.490188595607704
1717010868.0,2024-05-29T19:27:48Z,TRA6731,4025.0,250.0,3320.0,52.201172,4.802704,5.76857917965578
1717010876.0,2024-05-29T19:27:56Z,TRA6731,4475.0,250.0,4256.0,52.193253,4.799142,6.220706224959576
1717010880.0,2024-05-29T19:28:00Z,TRA6731,4675.0,249.0,3936.0,52.19014,4.797363,6.398523804343933
1717010885.0,2024-05-29T19:28:05Z,TRA6731,5050.0,252.0,3136.0,52.181892,4.792236,6.87381006316561
1717010889.0,2024-05-29T19:28:09Z,TRA6731,5300.0,253.0,2816.0,52.178356,4.790118,7.080128686170189
1717010897.0,2024-05-29T19:28:17Z,TRA6731,5625.0,261.0,2304.0,52.169998,4.785233,7.572457341244455
1717010901.0,2024-05-29T19:28:21Z,TRA6731,5775.0,260.0,2240.0,52.165833,4.782791,7.819780565262394
1717010905.0,2024-05-29T19:28:25Z,TRA6731,5950.0,270.0,2048.0,52.15955,4.77921,8.195072046976563
1717010908.0,2024-05-29T19:28:28Z,TRA6731,6025.0,276.0,1856.0,52.156494,4.777451,8.378423194571834
1717010916.0,2024-05-29T19:28:36Z,TRA6731,6275.0,285.0,1728.0,52.146057,4.771347,9.008251763254068
1717010921.0,2024-05-29T19:28:41Z,TRA6731,6425.0,293.0,1600.0,52.139904,4.767753,9.38187132658665
1717010924.0,2024-05-29T19:28:44Z,TRA6731,6475.0,297.0,1568.0,52.135109,4.764849,9.674248759609945
1717010929.0,2024-05-29T19:28:49Z,TRA6731,6675.0,300.0,2560.0,52.12944,4.761429,10.021024863866256
1717010937.0,2024-05-29T19:28:57Z,TRA6731,7025.0,300.0,4220.0,52.121235,4.756374,10.525146046920263
1717010941.0,2024-05-29T19:29:01Z,TRA6731,7325.0,303.0,3552.0,52.115231,4.752529,10.89584339151198
1717010945.0,2024-05-29T19:29:05Z,TRA6731,7550.0,305.0,2688.0,52.110306,4.749374,11.200763503963199
1717010953.0,2024-05-29T19:29:13Z,TRA6731,7900.0,310.0,1790.0,52.097763,4.74205,11.97743003697592
1717010965.0,2024-05-29T19:29:25Z,TRA6731,8350.0,320.0,3130.0,52.081108,4.733616,13.007045147076509
1717010973.0,2024-05-29T19:29:33Z,TRA6731,8800.0,327.0,4288.0,52.071705,4.728986,13.588886559421812
1717010984.0,2024-05-29T19:29:44Z,TRA6731,9525.0,327.0,4540.0,52.056427,4.721527,14.535302273761562
1717010996.0,2024-05-29T19:29:56Z,TRA6731,10425.0,320.0,4280.0,52.038986,4.712753,15.61885620297609
1717011004.0,2024-05-29T19:30:04Z,TRA6731,10975.0,325.0,4160.0,52.028179,4.707014,16.2928865739966
1717011016.0,2024-05-29T19:30:16Z,TRA6731,11800.0,333.0,2944.0,52.007355,4.695663,17.595394717721263
1717011024.0,2024-05-29T19:30:24Z,TRA6731,12175.0,338.0,2816.0,51.994614,4.688651,18.393909287809944
1717011032.0,2024-05-29T19:30:32Z,TRA6731,12550.0,345.0,2880.0,51.984138,4.682765,19.051868002444706
1717011044.0,2024-05-29T19:30:44Z,TRA6731,13100.0,352.0,2848.0,51.965843,4.672564,20.20155648796256
1717011056.0,2024-05-29T19:30:56Z,TRA6731,13675.0,360.0,2880.0,51.946526,4.661656,21.417865324328307
1717011064.0,2024-05-29T19:31:04Z,TRA6731,14075.0,364.0,2880.0,51.93425,4.65477,22.191161638945868
1717011076.0,2024-05-29T19:31:16Z,TRA6731,14675.0,371.0,2816.0,51.914154,4.643555,23.45756537257224
1717011080.0,2024-05-29T19:31:20Z,TRA6731,14800.0,372.0,2848.0,51.90976,4.641113,23.734525062431626
1717011096.0,2024-05-29T19:31:36Z,TRA6731,15600.0,380.0,2720.0,51.882065,4.625764,25.480821677657232
1717011116.0,2024-05-29T19:31:56Z,TRA6731,16500.0,391.0,2656.0,51.848671,4.607315,27.587902178088648
1717011132.0,2024-05-29T19:32:12Z,TRA6731,16975.0,401.0,1696.0,51.819626,4.59132,29.421511719976234
1717011157.0,2024-05-29T19:32:37Z,TRA6731,18250.0,400.0,2976.0,51.776642,4.567789,32.13572343830608
1717011173.0,2024-05-29T19:32:53Z,TRA6731,19025.0,410.0,2656.0,51.748306,4.552274,33.92600751183639
1717011194.0,2024-05-29T19:33:14Z,TRA6731,19950.0,414.0,2656.0,51.710815,4.53186,36.29467121778641
1717011214.0,2024-05-29T19:33:34Z,TRA6731,20775.0,410.0,2688.0,51.675125,4.512482,38.549919249394456
1717011234.0,2024-05-29T19:33:54Z,TRA6731,21525.0,426.0,1984.0,51.637932,4.492264,40.90115460540116
1717011254.0,2024-05-29T19:34:14Z,TRA6731,22175.0,434.0,1984.0,51.598732,4.470978,43.37980965573716
1717011274.0,2024-05-29T19:34:34Z,TRA6731,22825.0,440.0,2016.0,51.559158,4.449463,45.883066451728446
1717011294.0,2024-05-29T19:34:54Z,TRA6731,23450.0,445.0,2048.0,51.522537,4.429569,48.19994249368586
1717011314.0,2024-05-29T19:35:14Z,TRA6731,24075.0,448.0,1792.0,51.483562,4.408493,50.66531652213956
1717011334.0,2024-05-29T19:35:34Z,TRA6731,24675.0,450.0,1664.0,51.443436,4.38696,53.20233911429409
1717011343.0,2024-05-29T19:35:43Z,TRA6731,24925.0,454.0,1660.0,51.426361,4.377755,54.28249425820811
1717011367.0,2024-05-29T19:36:07Z,TRA6731,25575.0,457.0,1600.0,51.378403,4.345703,57.38054081031323
1717011395.0,2024-05-29T19:36:35Z,TRA6731,26250.0,460.0,1280.0,51.325333,4.30716,60.844310197739546
1717011423.0,2024-05-29T19:37:03Z,TRA6731,27050.0,464.0,2368.0,51.270306,4.270706,64.40181587001472
1717011455.0,2024-05-29T19:37:35Z,TRA6731,28275.0,459.0,2112.0,51.205601,4.228058,68.5854752046964
1717011484.0,2024-05-29T19:38:04Z,TRA6731,29250.0,450.0,1920.0,51.148666,4.189911,72.27592998454361
1717011516.0,2024-05-29T19:38:36Z,TRA6731,30000.0,454.0,60.0,51.088055,4.148788,76.2127646160522
1717011544.0,2024-05-29T19:39:04Z,TRA6731,30000.0,452.0,0.0,51.033916,4.111786,79.73426687268883
1717011576.0,2024-05-29T19:39:36Z,TRA6731,30000.0,450.0,-32.0,50.972374,4.070206,83.73373230570597
1717011605.0,2024-05-29T19:40:05Z,TRA6731,30000.0,440.0,-32.0,50.917877,4.033467,87.27598584545883
1717011629.0,2024-05-29T19:40:29Z,TRA6731,30000.0,440.0,-32.0,50.872051,4.002762,90.25344139924452
1717011637.0,2024-05-29T19:40:37Z,TRA6731,30000.0,440.0,0.0,50.855434,3.991699,91.33246856982328
1717011665.0,2024-05-29T19:41:05Z,TRA6731,30000.0,440.0,-32.0,50.801605,3.956043,94.82641200597692
1717011698.0,2024-05-29T19:41:38Z,TRA6731,30075.0,440.0,1120.0,50.739761,3.914993,98.84292765003046
1717011726.0,2024-05-29T19:42:06Z,TRA6731,30875.0,446.0,1696.0,50.685425,3.879242,102.36906466009012
1717011758.0,2024-05-29T19:42:38Z,TRA6731,31700.0,440.0,1632.0,50.625092,3.839573,106.2851300379782
1717011786.0,2024-05-29T19:43:06Z,TRA6731,32375.0,440.0,1504.0,50.576385,3.807413,109.44906521106455
1717011818.0,2024-05-29T19:43:38Z,TRA6731,33050.0,447.0,1152.0,50.5116,3.764747,113.65713470259946
1717011846.0,2024-05-29T19:44:06Z,TRA6731,33575.0,449.0,1120.0,50.458714,3.730007,117.09207928226196
1717011875.0,2024-05-29T19:44:35Z,TRA6731,34100.0,450.0,1020.0,50.40358,3.693864,120.6729187954359
1717011907.0,2024-05-29T19:45:07Z,TRA6731,34650.0,450.0,960.0,50.342331,3.653966,124.64863915423143
1717011939.0,2024-05-29T19:45:39Z,TRA6731,35150.0,458.0,736.0,50.276779,3.611322,128.9039820798237
1717011967.0,2024-05-29T19:46:07Z,TRA6731,35650.0,450.0,1210.0,50.223358,3.576556,132.3727821390832
1717011995.0,2024-05-29T19:46:35Z,TRA6731,36225.0,457.0,1024.0,50.166046,3.539405,136.09310386468783
1717012028.0,2024-05-29T19:47:08Z,TRA6731,36800.0,450.0,960.0,50.104546,3.499739,140.08354889842255
1717012056.0,2024-05-29T19:47:36Z,TRA6731,37000.0,450.0,-32.0,50.05357,3.466929,143.3908951343753
1717012088.0,2024-05-29T19:48:08Z,TRA6731,37000.0,450.0,0.0,49.988663,3.425205,147.60222758827206
1717012116.0,2024-05-29T19:48:36Z,TRA6731,37000.0,450.0,60.0,49.933548,3.38986,151.17783806779096
1717012148.0,2024-05-29T19:49:08Z,TRA6731,37000.0,458.0,32.0,49.871086,3.350013,155.22811882382288
1717012176.0,2024-05-29T19:49:36Z,TRA6731,37000.0,458.0,60.0,49.818203,3.316164,158.65935987442467
1717012205.0,2024-05-29T19:50:05Z,TRA6731,37000.0,450.0,32.0,49.759644,3.278769,162.45840467673074
1717012237.0,2024-05-29T19:50:37Z,TRA6731,37000.0,454.0,-32.0,49.699402,3.240678,166.36236429388643
1717012265.0,2024-05-29T19:51:05Z,TRA6731,37000.0,450.0,-32.0,49.645447,3.20682,169.85608792204422
1717012297.0,2024-05-29T19:51:37Z,TRA6731,37000.0,452.0,32.0,49.581623,3.166735,173.99000760816435
1717012325.0,2024-05-29T19:52:05Z,TRA6731,37000.0,450.0,0.0,49.528461,3.133182,177.4361045635594
1717012358.0,2024-05-29T19:52:38Z,TRA6731,37000.0,430.0,60.0,49.467384,3.087381,181.49256878772275
1717012386.0,2024-05-29T19:53:06Z,TRA6731,37000.0,450.0,-32.0,49.419296,3.05265,184.66958890235634
1717012418.0,2024-05-29T19:53:38Z,TRA6731,37000.0,447.0,0.0,49.354935,3.013353,188.82625082491558
1717012446.0,2024-05-29T19:54:06Z,TRA6731,37000.0,444.0,32.0,49.302979,2.981732,192.1808967492635
1717012478.0,2024-05-29T19:54:38Z,TRA6731,37000.0,443.0,32.0,49.243607,2.945885,196.0110584506243
1717012506.0,2024-05-29T19:55:06Z,TRA6731,37000.0,440.0,-32.0,49.185745,2.910884,199.74525269867215
1717012538.0,2024-05-29T19:55:38Z,TRA6731,37000.0,440.0,0.0,49.125916,2.874897,203.60422203451566
1717012567.0,2024-05-29T19:56:07Z,TRA6731,37000.0,440.0,64.0,49.068512,2.84074,207.30231367566202
1717012599.0,2024-05-29T19:56:39Z,TRA6731,37000.0,443.0,32.0,49.00824,2.805055,211.18332248810336
1717012627.0,2024-05-29T19:57:07Z,TRA6731,37000.0,445.0,-128.0,48.954208,2.773344,214.65923690482043
1717012655.0,2024-05-29T19:57:35Z,TRA6731,37000.0,445.0,0.0,48.900005,2.74145,218.14772906089027
1717012687.0,2024-05-29T19:58:07Z,TRA6731,37000.0,440.0,-60.0,48.840088,2.705735,222.0107244749945
1717012716.0,2024-05-29T19:58:36Z,TRA6731,37000.0,446.0,0.0,48.784561,2.672917,225.5873976982462
1717012747.0,2024-05-29T19:59:07Z,TRA6731,37000.0,446.0,0.0,48.727341,2.639536,229.2676911038527
1717012776.0,2024-05-29T19:59:36Z,TRA6731,37000.0,445.0,32.0,48.670166,2.60545,232.95552723210062
1717012808.0,2024-05-29T20:00:08Z,TRA6731,37000.0,447.0,0.0,48.609009,2.568343,236.90958312193914
1717012836.0,2024-05-29T20:00:36Z,TRA6731,37000.0,440.0,32.0,48.555939,2.536902,240.33094280199344
1717012868.0,2024-05-29T20:01:08Z,TRA6731,37000.0,450.0,-32.0,48.494026,2.501124,244.31067027795092
1717012897.0,2024-05-29T20:01:37Z,TRA6731,37000.0,453.0,128.0,48.435471,2.467698,248.06947422706773
1717012928.0,2024-05-29T20:02:08Z,TRA6731,37000.0,460.0,32.0,48.374897,2.446771,251.77273339191487
1717012957.0,2024-05-29T20:02:37Z,TRA6731,37000.0,470.0,32.0,48.308887,2.426533,255.77513364058854
1717012988.0,2024-05-29T20:03:08Z,TRA6731,37000.0,470.0,30.0,48.244736,2.406873,259.66644353314484
1717013016.0,2024-05-29T20:03:36Z,TRA6731,37000.0,470.0,-32.0,48.183105,2.387695,263.4103159839856
1717013049.0,2024-05-29T20:04:09Z,TRA6731,37000.0,470.0,-60.0,48.116776,2.366798,267.44457541602674
1717013077.0,2024-05-29T20:04:37Z,TRA6731,37000.0,470.0,32.0,48.053925,2.346954,271.2692886295219
1717013109.0,2024-05-29T20:05:09Z,TRA6731,37000.0,470.0,-32.0,47.992126,2.327179,275.03474521265184
1717013137.0,2024-05-29T20:05:37Z,TRA6731,37000.0,473.0,32.0,47.928635,2.306717,278.90646578016714
1717013169.0,2024-05-29T20:06:09Z,TRA6731,37000.0,470.0,0.0,47.858963,2.284401,283.15470859014005
1717013198.0,2024-05-29T20:06:38Z,TRA6731,37000.0,475.0,32.0,47.796253,2.265015,286.97057960631435
1717013222.0,2024-05-29T20:07:02Z,TRA6731,37000.0,474.0,120.0,47.750168,2.250859,289.7744195329455
1717013230.0,2024-05-29T20:07:10Z,TRA6731,37000.0,470.0,0.0,47.728519,2.244098,291.0932133150683
1717013258.0,2024-05-29T20:07:38Z,TRA6731,37000.0,475.0,-32.0,47.666977,2.225013,294.84117003374166
1717013286.0,2024-05-29T20:08:06Z,TRA6731,37000.0,470.0,32.0,47.609344,2.207196,298.3513186923425
1717013298.0,2024-05-29T20:08:18Z,TRA6731,37000.0,470.0,-60.0,47.586868,2.20015,299.72172246738864
1717013314.0,2024-05-29T20:08:34Z,TRA6731,37000.0,470.0,32.0,47.549759,2.188392,301.9862121965881
1717013317.0,2024-05-29T20:08:37Z,TRA6731,37000.0,477.0,0.0,47.543655,2.186417,302.3592509960701
1717013334.0,2024-05-29T20:08:54Z,TRA6731,37000.0,470.0,-32.0,47.508545,2.175224,304.5030035092014
1717013346.0,2024-05-29T20:09:06Z,TRA6731,37000.0,470.0,0.0,47.478378,2.165543,306.3460001035954
1717013350.0,2024-05-29T20:09:10Z,TRA6731,37000.0,477.0,0.0,47.472015,2.163532,306.73436990839224
1717013374.0,2024-05-29T20:09:34Z,TRA6731,37000.0,470.0,0.0,47.418732,2.146179,309.99342481667486
1717013378.0,2024-05-29T20:09:38Z,TRA6731,37000.0,478.0,0.0,47.408798,2.142952,310.60100483874703
1717013411.0,2024-05-29T20:10:11Z,TRA6731,37000.0,480.0,0.0,47.337112,2.119331,314.9903156629495
1717013439.0,2024-05-29T20:10:39Z,TRA6731,37000.0,480.0,0.0,47.280128,2.100361,318.4826454269599
1717013466.0,2024-05-29T20:11:06Z,TRA6731,37000.0,482.0,0.0,47.218029,2.079304,322.2940284081332
1717013494.0,2024-05-29T20:11:34Z,TRA6731,37000.0,482.0,0.0,47.159958,2.059319,325.8625350961957
1717013499.0,2024-05-29T20:11:39Z,TRA6731,37000.0,480.0,0.0,47.148384,2.055359,326.5735496501222
1717013527.0,2024-05-29T20:12:07Z,TRA6731,37000.0,481.0,0.0,47.089077,2.034584,330.22331473038736
1717013559.0,2024-05-29T20:12:39Z,TRA6731,37000.0,481.0,-32.0,47.01804,2.009371,334.59982833390035
1717013563.0,2024-05-29T20:12:43Z,TRA6731,37000.0,480.0,32.0,47.010406,2.006584,335.0711641558752
1717013583.0,2024-05-29T20:13:03Z,TRA6731,37000.0,460.0,0.0,46.969757,1.986877,337.64160015024424
1717013587.0,2024-05-29T20:13:07Z,TRA6731,37000.0,460.0,-30.0,46.961014,1.981522,338.208389074079
1717013599.0,2024-05-29T20:13:19Z,TRA6731,37000.0,460.0,0.0,46.937595,1.965426,339.7485163494106
1717013611.0,2024-05-29T20:13:31Z,TRA6731,37000.0,453.0,0.0,46.915421,1.947464,341.240943585304
1717013619.0,2024-05-29T20:13:39Z,TRA6731,37000.0,450.0,32.0,46.901093,1.935036,342.2157359064434
1717013648.0,2024-05-29T20:14:08Z,TRA6731,37000.0,450.0,-30.0,46.84758,1.889046,345.852389097717
1717013680.0,2024-05-29T20:14:40Z,TRA6731,37000.0,450.0,30.0,46.791779,1.841349,349.6433647827604
1717013684.0,2024-05-29T20:14:44Z,TRA6731,37000.0,440.0,0.0,46.785419,1.835884,350.07594419321185
1717013708.0,2024-05-29T20:15:08Z,TRA6731,37000.0,440.0,-32.0,46.741974,1.798877,353.0274791693397
1717013740.0,2024-05-29T20:15:40Z,TRA6731,37000.0,440.0,-30.0,46.686214,1.751427,356.8168574793135
1717013744.0,2024-05-29T20:15:44Z,TRA6731,37000.0,449.0,0.0,46.677231,1.743805,357.427231080692
1717013768.0,2024-05-29T20:16:08Z,TRA6731,37000.0,444.5,0.0,46.63324,1.706383,360.4182866288811
1717013800.0,2024-05-29T20:16:40Z,TRA6731,37000.0,440.0,0.0,46.579006,1.660446,364.10487920577987
1717013821.0,2024-05-29T20:17:01Z,TRA6731,37000.0,440.0,0.0,46.542835,1.62989,366.56356082573143
1717013828.0,2024-05-29T20:17:08Z,TRA6731,37000.0,440.0,-32.0,46.525795,1.61554,367.7215200495673
1717013860.0,2024-05-29T20:17:40Z,TRA6731,37000.0,440.0,32.0,46.469971,1.568499,371.5166344190401
1717013884.0,2024-05-29T20:18:04Z,TRA6731,37000.0,449.0,0.0,46.428726,1.533732,374.3219223850974
1717013889.0,2024-05-29T20:18:09Z,TRA6731,37000.0,450.0,32.0,46.417328,1.524147,375.09703072804456
1717013904.0,2024-05-29T20:18:24Z,TRA6731,37000.0,450.0,-32.0,46.388561,1.499977,377.0533433954835
1717013917.0,2024-05-29T20:18:37Z,TRA6731,37000.0,450.5,0.0,46.368404,1.483086,378.4238095037683
1717013921.0,2024-05-29T20:18:41Z,TRA6731,37000.0,451.0,32.0,46.360863,1.4767,378.9374639286407
1717013933.0,2024-05-29T20:18:53Z,TRA6731,37000.0,451.5,0.0,46.34103,1.460152,380.28525251204263
1717013948.0,2024-05-29T20:19:08Z,TRA6731,37000.0,452.0,32.0,46.310398,1.434471,382.3689583695236
1717013977.0,2024-05-29T20:19:37Z,TRA6731,37000.0,452.0,-32.0,46.260406,1.392919,385.76587748620983
1717013993.0,2024-05-29T20:19:53Z,TRA6731,37000.0,452.0,0.0,46.230656,1.36821,387.7877377050888
1717014009.0,2024-05-29T20:20:09Z,TRA6731,37000.0,452.0,30.0,46.200863,1.343353,389.8144881853665
1717014033.0,2024-05-29T20:20:33Z,TRA6731,37000.0,453.0,-32.0,46.1586,1.308244,392.6882799964594
1717014041.0,2024-05-29T20:20:41Z,TRA6731,37000.0,452.0,0.0,46.143402,1.295583,393.7224140673726
1717014069.0,2024-05-29T20:21:09Z,TRA6731,37000.0,451.0,0.0,46.092068,1.252785,397.2167074761603
1717014102.0,2024-05-29T20:21:42Z,TRA6731,37000.0,450.0,-30.0,46.030746,1.201998,401.38800489447186
1717014106.0,2024-05-29T20:21:46Z,TRA6731,37000.0,450.0,-32.0,46.025986,1.198113,401.7110882539934
1717014118.0,2024-05-29T20:21:58Z,TRA6731,37000.0,450.0,30.0,46.004227,1.180206,403.1901282649002
1717014130.0,2024-05-29T20:22:10Z,TRA6731,37000.0,450.0,-60.0,45.982407,1.162273,404.67320700669376
1717014157.0,2024-05-29T20:22:37Z,TRA6731,37000.0,450.0,0.0,45.932556,1.121275,408.06272839133726
1717014166.0,2024-05-29T20:22:46Z,TRA6731,37000.0,456.0,32.0,45.918503,1.109753,409.01795627748646
1717014190.0,2024-05-29T20:23:10Z,TRA6731,37000.0,456.0,32.0,45.872406,1.071904,412.1527001491924
1717014214.0,2024-05-29T20:23:34Z,TRA6731,37000.0,450.0,-32.0,45.829609,1.036148,415.0724506911618
1717014222.0,2024-05-29T20:23:42Z,TRA6731,37000.0,450.0,0.0,45.812199,1.019188,416.29401590129555
1717014226.0,2024-05-29T20:23:46Z,TRA6731,37000.0,449.0,0.0,45.80896,1.015766,416.5250153912576
1717014234.0,2024-05-29T20:23:54Z,TRA6731,37000.0,445.0,0.0,45.798279,1.003944,417.294331491916
1717014250.0,2024-05-29T20:24:10Z,TRA6731,37000.0,444.0,0.0,45.769913,0.970012,419.3736107739796
1717014278.0,2024-05-29T20:24:38Z,TRA6731,37000.0,444.0,0.0,45.727657,0.919624,422.4712568118203
1717014298.0,2024-05-29T20:24:58Z,TRA6731,37000.0,440.0,32.0,45.694839,0.880514,424.8786779499142
1717014310.0,2024-05-29T20:25:10Z,TRA6731,37000.0,444.0,-32.0,45.673096,0.854656,426.4738518066125
1717014326.0,2024-05-29T20:25:26Z,TRA6731,37000.0,444.0,32.0,45.652679,0.830272,427.9738817079122
1717014338.0,2024-05-29T20:25:38Z,TRA6731,37000.0,444.0,0.0,45.63002,0.803275,429.6384739462211
1717014346.0,2024-05-29T20:25:46Z,TRA6731,37000.0,444.0,0.0,45.62096,0.792526,430.303617918904
1717014371.0,2024-05-29T20:26:11Z,TRA6731,37000.0,444.0,0.0,45.578293,0.741644,433.4414628161802
1717014399.0,2024-05-29T20:26:39Z,TRA6731,37000.0,440.0,0.0,45.533157,0.687953,436.761944523233
1717014415.0,2024-05-29T20:26:55Z,TRA6731,37000.0,443.0,32.0,45.511795,0.66273,438.3317952178366
1717014423.0,2024-05-29T20:27:03Z,TRA6731,37000.0,444.0,0.0,45.497318,0.645581,439.3968627841025
1717014430.0,2024-05-29T20:27:10Z,TRA6731,37000.0,443.0,0.0,45.486832,0.633218,440.1676528919034
1717014435.0,2024-05-29T20:27:15Z,TRA6731,37000.0,443.0,-32.0,45.480278,0.625484,440.6495944378318
1717014446.0,2024-05-29T20:27:26Z,TRA6731,37000.0,443.0,0.0,45.461288,0.603071,442.04640834118425
1717014459.0,2024-05-29T20:27:39Z,TRA6731,37000.0,443.0,-32.0,45.440964,0.579071,443.5420959756181
1717014483.0,2024-05-29T20:28:03Z,TRA6731,37000.0,443.0,-32.0,45.403328,0.534512,446.3150568368653
1717014491.0,2024-05-29T20:28:11Z,TRA6731,37000.0,443.0,0.0,45.390198,0.519039,447.28185829892345
1717014519.0,2024-05-29T20:28:39Z,TRA6731,37000.0,440.0,0.0,45.344696,0.46548,450.6332127496172
1717014531.0,2024-05-29T20:28:51Z,TRA6731,37000.0,441.3333333333333,0.0,45.326797,0.444477,451.9513247399157
1717014551.0,2024-05-29T20:29:11Z,TRA6731,37000.0,442.6666666666667,60.0,45.296768,0.409306,454.1626900539886
1717014580.0,2024-05-29T20:29:40Z,TRA6731,37000.0,444.0,0.0,45.250076,0.354701,457.6022503852506
1717014596.0,2024-05-29T20:29:56Z,TRA6731,37000.0,443.0,0.0,45.227222,0.328116,459.28467337727045
1717014608.0,2024-05-29T20:30:08Z,TRA6731,37000.0,440.0,-30.0,45.204346,0.301535,460.96892757148447
1717014616.0,2024-05-29T20:30:16Z,TRA6731,37000.0,440.6,-32.0,45.193333,0.288726,461.7801834503883
1717014639.0,2024-05-29T20:30:39Z,TRA6731,37000.0,441.2,0.0,45.155273,0.244446,464.5851769816104
1717014647.0,2024-05-29T20:30:47Z,TRA6731,37000.0,441.8,0.0,45.144127,0.23145,465.40740129165863
1717014652.0,2024-05-29T20:30:52Z,TRA6731,37000.0,442.4,-32.0,45.135792,0.221669,466.02331609306776
1717014659.0,2024-05-29T20:30:59Z,TRA6731,37000.0,443.0,0.0,45.124008,0.207955,466.8924998260144
1717014671.0,2024-05-29T20:31:11Z,TRA6731,37000.0,443.0,-32.0,45.108353,0.18971,468.04786752712397
1717014700.0,2024-05-29T20:31:40Z,TRA6731,37000.0,443.0,0.0,45.061169,0.13485,471.52994302027173
1717014732.0,2024-05-29T20:32:12Z,TRA6731,37000.0,443.0,0.0,45.010334,0.075966,475.28102789413964
1717014756.0,2024-05-29T20:32:36Z,TRA6731,37000.0,443.0,0.0,44.969742,0.029141,478.2754445420614
1717014761.0,2024-05-29T20:32:41Z,TRA6731,37000.0,443.0,-32.0,44.963333,0.021711,478.7489727218359
1717014789.0,2024-05-29T20:33:09Z,TRA6731,37000.0,444.0,32.0,44.920116,-0.028203,481.9403625150668
1717014809.0,2024-05-29T20:33:29Z,TRA6731,37000.0,445.0,-32.0,44.888351,-0.064872,484.28713023329345
1717014820.0,2024-05-29T20:33:40Z,TRA6731,37000.0,443.3333333333333,0.0,44.869446,-0.086648,485.6836028122423
1717014833.0,2024-05-29T20:33:53Z,TRA6731,37000.0,441.6666666666667,0.0,44.849636,-0.109461,487.147263986323
1717014849.0,2024-05-29T20:34:09Z,TRA6731,37000.0,440.0,0.0,44.8255,-0.137198,488.9302235557704
1717014857.0,2024-05-29T20:34:17Z,TRA6731,37000.0,441.5,0.0,44.811493,-0.153285,489.96507527764953
1717014881.0,2024-05-29T20:34:41Z,TRA6731,37000.0,443.0,-32.0,44.770889,-0.19965,492.96187954993053
1717014909.0,2024-05-29T20:35:09Z,TRA6731,37000.0,444.5,0.0,44.726318,-0.250341,496.25021422464994
1717014913.0,2024-05-29T20:35:13Z,TRA6731,37000.0,446.0,0.0,44.721268,-0.256086,496.6229440070037
1717014941.0,2024-05-29T20:35:41Z,TRA6731,37000.0,447.0,32.0,44.676601,-0.306947,499.92159779089167
1717014949.0,2024-05-29T20:35:49Z,TRA6731,37000.0,448.0,0.0,44.663315,-0.321415,500.8925927626021
1717014969.0,2024-05-29T20:36:09Z,TRA6731,37000.0,456.0,32.0,44.628326,-0.35317,503.34867101973117
1717014981.0,2024-05-29T20:36:21Z,TRA6731,37000.0,458.0,-32.0,44.605865,-0.370004,504.8686562811439
1717014993.0,2024-05-29T20:36:33Z,TRA6731,37000.0,458.0,0.0,44.585266,-0.385175,506.2584503451493
1717015001.0,2024-05-29T20:36:41Z,TRA6731,37000.0,458.0,0.0,44.573162,-0.394101,507.07532538801405
1717015008.0,2024-05-29T20:36:48Z,TRA6731,37000.0,458.0,-32.0,44.555939,-0.406762,508.23708797598294
1717015017.0,2024-05-29T20:36:57Z,TRA6731,37000.0,458.0,0.0,44.539318,-0.419021,509.3589590161675
1717015030.0,2024-05-29T20:37:10Z,TRA6731,37000.0,458.0,0.0,44.51297,-0.438448,511.13740535970413
1717015037.0,2024-05-29T20:37:17Z,TRA6731,37000.0,458.0,0.0,44.502682,-0.446018,511.83162103733235
1717015053.0,2024-05-29T20:37:33Z,TRA6731,37000.0,458.0,-32.0,44.472515,-0.468058,513.8648457040982
1717015061.0,2024-05-29T20:37:41Z,TRA6731,37000.0,458.0,0.0,44.45517,-0.480783,515.0348227537417
1717015089.0,2024-05-29T20:38:09Z,TRA6731,37000.0,458.0,0.0,44.403152,-0.518836,518.5422495800717
1717015122.0,2024-05-29T20:38:42Z,TRA6731,37000.0,460.0,0.0,44.342697,-0.563049,522.619129489488
1717015150.0,2024-05-29T20:39:10Z,TRA6731,37000.0,461.0,0.0,44.288868,-0.602305,526.2480653450191
1717015182.0,2024-05-29T20:39:42Z,TRA6731,37000.0,463.0,0.0,44.228817,-0.645782,530.2920949255512
1717015202.0,2024-05-29T20:40:02Z,TRA6731,37000.0,464.0,0.0,44.19083,-0.673305,532.8509977958395
1717015210.0,2024-05-29T20:40:10Z,TRA6731,37000.0,465.0,0.0,44.17305,-0.686198,534.0489865105726
1717015242.0,2024-05-29T20:40:42Z,TRA6731,37000.0,466.0,0.0,44.114811,-0.728433,537.9735790137559
1717015262.0,2024-05-29T20:41:02Z,TRA6731,37000.0,467.0,32.0,44.074867,-0.757403,540.6657815869664
1717015270.0,2024-05-29T20:41:10Z,TRA6731,37000.0,467.0,64.0,44.058994,-0.768912,541.7356578873524
1717015291.0,2024-05-29T20:41:31Z,TRA6731,37000.0,468.0,0.0,44.020679,-0.796574,544.316464650721
1717015299.0,2024-05-29T20:41:39Z,TRA6731,37000.0,468.0,0.0,44.005878,-0.807234,545.3130892898721
1717015330.0,2024-05-29T20:42:10Z,TRA6731,37000.0,468.0,32.0,43.944168,-0.851632,549.4680675399906
1717015363.0,2024-05-29T20:42:43Z,TRA6731,37000.0,460.0,32.0,43.879395,-0.898002,553.8263646984879
1717015391.0,2024-05-29T20:43:11Z,TRA6731,37000.0,470.0,0.0,43.826138,-0.935996,557.408301089086
1717015395.0,2024-05-29T20:43:15Z,TRA6731,37000.0,471.0,32.0,43.824417,-0.937238,557.5242937198885
1717015419.0,2024-05-29T20:43:39Z,TRA6731,37000.0,469.0,-32.0,43.776375,-0.97144,560.7548318143992
1717015451.0,2024-05-29T20:44:11Z,TRA6731,37000.0,468.0,-32.0,43.710503,-1.018393,565.186045388632
1717015480.0,2024-05-29T20:44:40Z,TRA6731,37000.0,467.0,0.0,43.655151,-1.057761,568.9088511831875
1717015495.0,2024-05-29T20:44:55Z,TRA6731,37000.0,467.0,32.0,43.627029,-1.077746,570.8002249299609
1717015511.0,2024-05-29T20:45:11Z,TRA6731,37000.0,467.0,0.0,43.59462,-1.100677,572.9784732534299
1717015515.0,2024-05-29T20:45:15Z,TRA6731,37000.0,467.0,0.0,43.589447,-1.104381,573.3268968576016
1717015539.0,2024-05-29T20:45:39Z,TRA6731,37000.0,467.0,32.0,43.54422,-1.136446,576.3681236956342
1717015558.0,2024-05-29T20:45:58Z,TRA6731,37000.0,466.0,0.0,43.508327,-1.16187,578.7816088369063
1717015572.0,2024-05-29T20:46:12Z,TRA6731,37000.0,464.5,32.0,43.480396,-1.181619,580.6593191789815
1717015576.0,2024-05-29T20:46:16Z,TRA6731,37000.0,463.0,32.0,43.472713,-1.186981,581.1746908349278
1717015588.0,2024-05-29T20:46:28Z,TRA6731,37000.0,461.5,-32.0,43.452091,-1.201564,582.5612047247104
1717015600.0,2024-05-29T20:46:40Z,TRA6731,37000.0,460.0,32.0,43.427353,-1.219035,584.224195888081
1717015616.0,2024-05-29T20:46:56Z,TRA6731,37000.0,465.0,0.0,43.397625,-1.239951,586.221492365525
1717015632.0,2024-05-29T20:47:12Z,TRA6731,37000.0,465.0,0.0,43.369995,-1.25934,588.0771506865129
1717015660.0,2024-05-29T20:47:40Z,TRA6731,37000.0,465.0,0.0,43.310432,-1.30103,592.0761957373817
1717015671.0,2024-05-29T20:47:51Z,TRA6731,37000.0,465.0,0.0,43.292358,-1.313697,593.2900888057491
1717015680.0,2024-05-29T20:48:00Z,TRA6731,37000.0,464.5,32.0,43.27887,-1.323133,594.1957368395996
1717015692.0,2024-05-29T20:48:12Z,TRA6731,37000.0,464.0,0.0,43.253174,-1.341099,595.9210118745492
1717015704.0,2024-05-29T20:48:24Z,TRA6731,37000.0,464.0,0.0,43.233204,-1.35498,597.2605732452315
1717015720.0,2024-05-29T20:48:40Z,TRA6731,37000.0,460.0,0.0,43.195496,-1.381073,599.7882394682839
1717015733.0,2024-05-29T20:48:53Z,TRA6731,37000.0,465.0,0.0,43.172501,-1.396833,601.3272706638004
1717015740.0,2024-05-29T20:49:00Z,TRA6731,37000.0,464.0,0.0,43.158718,-1.406315,602.250389377502
1717015752.0,2024-05-29T20:49:12Z,TRA6731,37000.0,464.0,-32.0,43.137585,-1.420768,603.6644292696553
1717015764.0,2024-05-29T20:49:24Z,TRA6731,37000.0,463.25,32.0,43.114517,-1.43659,605.2087941925636
1717015781.0,2024-05-29T20:49:41Z,TRA6731,37000.0,462.5,64.0,43.082748,-1.458371,607.3356921119006
1717015808.0,2024-05-29T20:50:08Z,TRA6731,37000.0,461.75,0.0,43.02951,-1.494971,610.9019926198089
1717015837.0,2024-05-29T20:50:37Z,TRA6731,37000.0,461.0,32.0,42.974579,-1.532657,614.5809656265577
1717015841.0,2024-05-29T20:50:41Z,TRA6731,37000.0,460.6666666666667,32.0,42.967346,-1.537575,615.0646977955713
1717015861.0,2024-05-29T20:51:01Z,TRA6731,37000.0,460.3333333333333,-64.0,42.928986,-1.563786,617.6324544428409
1717015869.0,2024-05-29T20:51:09Z,TRA6731,37000.0,460.0,64.0,42.915668,-1.572876,618.5238362350065
1717015880.0,2024-05-29T20:51:20Z,TRA6731,37000.0,460.0,64.0,42.892822,-1.588546,620.0542869840624
1717015901.0,2024-05-29T20:51:41Z,TRA6731,37000.0,461.0,-64.0,42.853756,-1.615252,622.6700523911086
1717015913.0,2024-05-29T20:51:53Z,TRA6731,37000.0,462.0,-32.0,42.830978,-1.630767,624.1944043642594
1717015925.0,2024-05-29T20:52:05Z,TRA6731,37000.0,462.0,-32.0,42.807861,-1.646513,625.7415416562985
1717015932.0,2024-05-29T20:52:12Z,TRA6731,37000.0,463.0,0.0,42.792572,-1.656876,626.7639828236339
1717015961.0,2024-05-29T20:52:41Z,TRA6731,37000.0,462.0,64.0,42.740261,-1.692342,630.2627183388197
1717015993.0,2024-05-29T20:53:13Z,TRA6731,37000.0,462.0,-60.0,42.677948,-1.734591,634.4310984276943
1717016021.0,2024-05-29T20:53:41Z,TRA6731,37000.0,462.0,60.0,42.623833,-1.77129,638.0517892702755
1717016045.0,2024-05-29T20:54:05Z,TRA6731,37000.0,461.0,0.0,42.577148,-1.802819,641.1735898272645
1717016053.0,2024-05-29T20:54:13Z,TRA6731,37000.0,460.0,32.0,42.561966,-1.813,642.1876775513549
1717016061.0,2024-05-29T20:54:21Z,TRA6731,37000.0,459.5,0.0,42.546745,-1.823283,643.2056801126
1717016081.0,2024-05-29T20:54:41Z,TRA6731,37000.0,459.0,-32.0,42.509171,-1.848575,645.7173175855896
1717016105.0,2024-05-29T20:55:05Z,TRA6731,37000.0,459.0,0.0,42.46365,-1.879173,648.7597837638084
1717016113.0,2024-05-29T20:55:13Z,TRA6731,37000.0,459.0,-32.0,42.449402,-1.888754,649.7122112233027
1717016116.0,2024-05-29T20:55:16Z,TRA6731,37000.0,459.0,-60.0,42.446377,-1.890798,649.9145912922445
1717016142.0,2024-05-29T20:55:42Z,TRA6731,37000.0,459.25,64.0,42.391159,-1.927788,653.603719776016
1717016157.0,2024-05-29T20:55:57Z,TRA6731,37000.0,459.5,-32.0,42.363419,-1.946328,655.4565214120971
1717016174.0,2024-05-29T20:56:14Z,TRA6731,37000.0,459.75,-32.0,42.330093,-1.968613,657.6827943375486
1717016201.0,2024-05-29T20:56:41Z,TRA6731,37000.0,460.0,-32.0,42.283676,-1.999576,660.7826330723398
1717016233.0,2024-05-29T20:57:13Z,TRA6731,37000.0,460.0,64.0,42.21925,-2.042499,665.0848852739464
1717016236.0,2024-05-29T20:57:16Z,TRA6731,37000.0,460.0,32.0,42.213821,-2.046079,665.4468350520441
1717016253.0,2024-05-29T20:57:33Z,TRA6731,37000.0,460.5,-64.0,42.180984,-2.068048,667.6414819823514
1717016261.0,2024-05-29T20:57:41Z,TRA6731,37000.0,461.0,0.0,42.166691,-2.077566,668.5960593670578
1717016265.0,2024-05-29T20:57:45Z,TRA6731,37000.0,461.0,0.0,42.157146,-2.083889,669.2329961537193
1717016294.0,2024-05-29T20:58:14Z,TRA6731,37000.0,460.8333333333333,32.0,42.10437,-2.118926,672.7562945743632
1717016314.0,2024-05-29T20:58:34Z,TRA6731,37000.0,460.6666666666667,-32.0,42.065346,-2.144697,675.3595290309502
1717016322.0,2024-05-29T20:58:42Z,TRA6731,37000.0,460.5,0.0,42.048477,-2.15588,676.485638781197
1717016326.0,2024-05-29T20:58:46Z,TRA6731,37000.0,460.3333333333333,0.0,42.042072,-2.160091,676.9126337482516
1717016342.0,2024-05-29T20:59:02Z,TRA6731,37000.0,460.1666666666667,32.0,42.013184,-2.179226,678.8409646936029
1717016354.0,2024-05-29T20:59:14Z,TRA6731,37000.0,460.0,0.0,41.988907,-2.195349,680.4623252954179
1717016382.0,2024-05-29T20:59:42Z,TRA6731,37000.0,459.0,32.0,41.935272,-2.230786,684.0416494762105
1717016386.0,2024-05-29T20:59:46Z,TRA6731,37000.0,460.0,32.0,41.927811,-2.235718,684.539638687516
1717016390.0,2024-05-29T20:59:50Z,TRA6731,37000.0,460.0,0.0,41.9198,-2.240961,685.0734613476473
1717016398.0,2024-05-29T20:59:58Z,TRA6731,37000.0,460.0,0.0,41.907028,-2.249388,685.9257097255382
1717016414.0,2024-05-29T21:00:14Z,TRA6731,37000.0,460.0,0.0,41.876862,-2.269238,687.9378273195451
1717016443.0,2024-05-29T21:00:43Z,TRA6731,37000.0,460.0,32.0,41.819412,-2.307001,691.7695677620053
1717016475.0,2024-05-29T21:01:15Z,TRA6731,37000.0,460.0,0.0,41.758476,-2.346986,695.8332466529614
1717016486.0,2024-05-29T21:01:26Z,TRA6731,37000.0,460.5,-32.0,41.740036,-2.359064,697.0627181052006
1717016503.0,2024-05-29T21:01:43Z,TRA6731,37000.0,461.0,32.0,41.704651,-2.382223,699.4218410354459
1717016527.0,2024-05-29T21:02:07Z,TRA6731,37000.0,461.2,0.0,41.658508,-2.412373,702.4976686976962
1717016531.0,2024-05-29T21:02:11Z,TRA6731,37000.0,461.4,0.0,41.65274,-2.416118,702.8817767946782
1717016539.0,2024-05-29T21:02:19Z,TRA6731,37000.0,461.6,0.0,41.635529,-2.427354,704.0289800513902
1717016555.0,2024-05-29T21:02:35Z,TRA6731,37000.0,461.8,0.0,41.606667,-2.446182,705.9526526917496
1717016563.0,2024-05-29T21:02:43Z,TRA6731,37000.0,462.0,0.0,41.589111,-2.457629,707.1227452888184
1717016579.0,2024-05-29T21:02:59Z,TRA6731,37000.0,462.0,0.0,41.558624,-2.477479,709.1543181155637
1717016591.0,2024-05-29T21:03:11Z,TRA6731,37000.0,461.5,32.0,41.535538,-2.492491,710.692483692491
1717016607.0,2024-05-29T21:03:27Z,TRA6731,37000.0,461.0,32.0,41.504562,-2.512748,712.7584197825695
1717016623.0,2024-05-29T21:03:43Z,TRA6731,37000.0,450.0,32.0,41.476276,-2.534456,714.6995720309155
1717016627.0,2024-05-29T21:03:47Z,TRA6731,37000.0,459.0,0.0,41.471558,-2.538591,715.0320977602261
1717016652.0,2024-05-29T21:04:12Z,TRA6731,37000.0,459.0,0.0,41.423355,-2.582474,718.4577444052122
1717016656.0,2024-05-29T21:04:16Z,TRA6731,37000.0,450.0,-32.0,41.418091,-2.587218,718.8310767406026
1717016675.0,2024-05-29T21:04:35Z,TRA6731,37000.0,459.0,32.0,41.386871,-2.615558,721.0489505680465
1717016684.0,2024-05-29T21:04:44Z,TRA6731,37000.0,459.0,0.0,41.369522,-2.631287,722.2812579713556
1717016712.0,2024-05-29T21:05:12Z,TRA6731,37000.0,459.0,0.0,41.320038,-2.676086,725.7956754300446
1717016735.0,2024-05-29T21:05:35Z,TRA6731,37000.0,459.0,32.0,41.28043,-2.711875,728.6081889018311
1717016744.0,2024-05-29T21:05:44Z,TRA6731,37000.0,459.0,-32.0,41.262909,-2.727661,729.8517436435868
1717016751.0,2024-05-29T21:05:51Z,TRA6731,37000.0,459.0,-32.0,41.249287,-2.739903,730.8181143322453
1717016764.0,2024-05-29T21:06:04Z,TRA6731,37000.0,458.5,32.0,41.228058,-2.759067,732.3257475769359
1717016772.0,2024-05-29T21:06:12Z,TRA6731,37000.0,458.0,32.0,41.211823,-2.773682,733.4781350630506
1717016804.0,2024-05-29T21:06:44Z,TRA6731,37000.0,458.0,0.0,41.156368,-2.823486,737.413153564733
1717016808.0,2024-05-29T21:06:48Z,TRA6731,37000.0,458.0,0.0,41.149384,-2.829791,737.9093730973296
1717016832.0,2024-05-29T21:07:12Z,TRA6731,37000.0,458.0,0.0,41.109192,-2.865967,740.7635422318031
1717016860.0,2024-05-29T21:07:40Z,TRA6731,37000.0,459.0,32.0,41.060303,-2.909851,744.2340587029937
1717016864.0,2024-05-29T21:07:44Z,TRA6731,37000.0,459.3333333333333,60.0,41.053535,-2.915871,744.7136215428933
1717016872.0,2024-05-29T21:07:52Z,TRA6731,37000.0,459.6666666666667,0.0,41.038651,-2.929138,745.76880401992
1717016892.0,2024-05-29T21:08:12Z,TRA6731,37000.0,460.0,-64.0,41.002899,-2.960999,748.3036045496173
1717016896.0,2024-05-29T21:08:16Z,TRA6731,37000.0,460.0,-64.0,40.997158,-2.966121,748.7107822283394
1717016924.0,2024-05-29T21:08:44Z,TRA6731,37000.0,455.0,32.0,40.946274,-3.011353,752.3173553152403
1717016940.0,2024-05-29T21:09:00Z,TRA6731,37000.0,450.0,32.0,40.918716,-3.03595,754.272740080356
1717016952.0,2024-05-29T21:09:12Z,TRA6731,37000.0,457.0,0.0,40.896606,-3.055542,755.8392870647139
1717016984.0,2024-05-29T21:09:44Z,TRA6731,37000.0,457.0,-64.0,40.841721,-3.104387,759.7324255599748
1717017004.0,2024-05-29T21:10:04Z,TRA6731,37000.0,457.0,0.0,40.807159,-3.135132,762.1843127730655
1717017012.0,2024-05-29T21:10:12Z,TRA6731,37000.0,457.0,60.0,40.791306,-3.149143,763.3075038557887
1717017044.0,2024-05-29T21:10:44Z,TRA6731,37000.0,455.25,32.0,40.736893,-3.197266,767.163911479883
1717017072.0,2024-05-29T21:11:12Z,TRA6731,37000.0,453.5,0.0,40.688564,-3.239968,770.5892814246238
1717017105.0,2024-05-29T21:11:45Z,TRA6731,37000.0,451.75,0.0,40.631516,-3.290161,774.6299234458754
1717017125.0,2024-05-29T21:12:05Z,TRA6731,37000.0,450.0,0.0,40.594391,-3.322815,777.2598585171426
1717017133.0,2024-05-29T21:12:13Z,TRA6731,37000.0,458.0,32.0,40.580338,-3.335266,778.2570806713912
1717017165.0,2024-05-29T21:12:45Z,TRA6731,37000.0,459.0,0.0,40.523724,-3.385037,782.2683416153244
1717017173.0,2024-05-29T21:12:53Z,TRA6731,37000.0,459.0,-60.0,40.5112,-3.396086,783.1565294271498
1717017193.0,2024-05-29T21:13:13Z,TRA6731,37000.0,459.0,0.0,40.474888,-3.427984,785.7296154814434
1717017225.0,2024-05-29T21:13:45Z,TRA6731,37000.0,462.0,-32.0,40.417862,-3.477797,789.766433616051
1717017253.0,2024-05-29T21:14:13Z,TRA6731,37000.0,460.0,64.0,40.368301,-3.520996,793.2740262038922
1717017285.0,2024-05-29T21:14:45Z,TRA6731,37000.0,464.0,64.0,40.311905,-3.570007,797.263742496612
1717017313.0,2024-05-29T21:15:13Z,TRA6731,37000.0,460.0,64.0,40.260544,-3.614746,800.899981100322
1717017317.0,2024-05-29T21:15:17Z,TRA6731,37000.0,466.0,64.0,40.255005,-3.619568,801.292129322828
1717017338.0,2024-05-29T21:15:38Z,TRA6731,37000.0,466.5,-60.0,40.215778,-3.653578,804.0671183529494
1717017346.0,2024-05-29T21:15:46Z,TRA6731,37000.0,467.0,32.0,40.200485,-3.666931,805.150771972262
1717017353.0,2024-05-29T21:15:53Z,TRA6731,37000.0,467.0,32.0,40.190414,-3.675659,805.8632761349801
1717017374.0,2024-05-29T21:16:14Z,TRA6731,37000.0,460.0,-64.0,40.151398,-3.709509,808.6245418483107
1717017405.0,2024-05-29T21:16:45Z,TRA6731,37000.0,463.0,32.0,40.094513,-3.758698,812.648381081928
1717017434.0,2024-05-29T21:17:14Z,TRA6731,37000.0,466.0,32.0,40.04393,-3.802185,816.2227781478119
1717017438.0,2024-05-29T21:17:18Z,TRA6731,37000.0,463.0,0.0,40.037659,-3.807556,816.665604642536
1717017466.0,2024-05-29T21:17:46Z,TRA6731,37000.0,460.0,-60.0,39.984512,-3.85321,820.4214591193468
1717017494.0,2024-05-29T21:18:14Z,TRA6731,37000.0,460.0,-32.0,39.935535,-3.89534,823.8844217277309
1717017522.0,2024-05-29T21:18:42Z,TRA6731,37000.0,464.0,32.0,39.887558,-3.936568,827.276636131986
1717017555.0,2024-05-29T21:19:15Z,TRA6731,37000.0,460.0,-32.0,39.82814,-3.98756,831.4775377823692
1717017578.0,2024-05-29T21:19:38Z,TRA6731,37000.0,460.0,0.0,39.785683,-4.023926,834.4786701628045
1717017614.0,2024-05-29T21:20:14Z,TRA6731,37000.0,463.0,64.0,39.72084,-4.079212,839.0586428793363
1717017639.0,2024-05-29T21:20:39Z,TRA6731,37000.0,462.0,0.0,39.676666,-4.116708,842.1764179599311
1717017647.0,2024-05-29T21:20:47Z,TRA6731,37000.0,460.0,0.0,39.663204,-4.128174,843.1273756731232
1717017674.0,2024-05-29T21:21:14Z,TRA6731,37000.0,460.0,32.0,39.613495,-4.170446,846.6380802328669
1717017707.0,2024-05-29T21:21:47Z,TRA6731,37000.0,460.0,0.0,39.554413,-4.220459,850.8075301218893
1717017735.0,2024-05-29T21:22:15Z,TRA6731,37000.0,460.0,-32.0,39.504639,-4.262576,854.3205782862699
1717017763.0,2024-05-29T21:22:43Z,TRA6731,37000.0,460.0,0.0,39.45507,-4.304565,857.820681940643
1717017795.0,2024-05-29T21:23:15Z,TRA6731,37000.0,460.0,-60.0,39.39798,-4.352736,861.8492842389583
1717017823.0,2024-05-29T21:23:43Z,TRA6731,36550.0,450.0,-1150.0,39.347347,-4.395325,865.4205762805185
1717017855.0,2024-05-29T21:24:15Z,TRA6731,36000.0,450.0,-960.0,39.292648,-4.441223,869.2774329027367
1717017884.476,2024-05-29T21:24:44Z,TRA6731,35550.0,462.0,-928.0,39.240738,-4.484989,872.9421946020134
1717017912.0,2024-05-29T21:25:12Z,TRA6731,35125.0,465.0,-928.0,39.190201,-4.528159,876.5209991242725
1717017944.0,2024-05-29T21:25:44Z,TRA6731,34675.0,468.0,-896.0,39.134232,-4.575806,880.4823491469152
1717017976.0,2024-05-29T21:26:16Z,TRA6731,34150.0,470.0,-960.0,39.075851,-4.625185,884.6094801684768
1717018004.0,2024-05-29T21:26:44Z,TRA6731,33700.0,470.0,-992.0,39.024673,-4.668354,888.2260338766731
1717018036.0,2024-05-29T21:27:16Z,TRA6731,33200.0,475.0,0.0,38.966309,-4.717434,892.3485154228953
1717018064.0,2024-05-29T21:27:44Z,TRA6731,32750.0,475.0,-960.0,38.914413,-4.760925,896.0121630851098
1717018097.133,2024-05-29T21:28:17Z,TRA6731,32225.0,477.0,-960.0,38.856079,-4.809922,900.1332140590173
1717018124.0,2024-05-29T21:28:44Z,TRA6731,31775.0,478.0,-1088.0,38.803852,-4.853699,903.8219464264528
1717018152.0,2024-05-29T21:29:12Z,TRA6731,30350.0,479.0,-4064.0,38.750687,-4.898254,907.5775308718073
1717018184.0,2024-05-29T21:29:44Z,TRA6731,28375.0,480.0,-3552.0,38.690636,-4.948364,911.8164672368115
1717018217.0,2024-05-29T21:30:17Z,TRA6731,26500.0,480.0,-3584.0,38.63237,-4.996988,915.9303802041416
1717018245.0,2024-05-29T21:30:45Z,TRA6731,24975.0,477.0,-2240.0,38.58054,-5.039978,919.5857546868552
1717018264.0,2024-05-29T21:31:04Z,TRA6731,24175.0,467.0,-2304.0,38.541481,-5.072083,922.3354803607303
1717018285.0,2024-05-29T21:31:25Z,TRA6731,23350.0,458.0,-2656.0,38.504986,-5.096924,924.809360476498
1717018306.0,2024-05-29T21:31:46Z,TRA6731,22400.0,450.0,-2880.0,38.46405,-5.116584,927.4323214920357
1717018326.0,2024-05-29T21:32:06Z,TRA6731,21400.0,440.0,-2880.0,38.423332,-5.132629,929.9764703542568
1717018345.0,2024-05-29T21:32:25Z,TRA6731,20500.0,442.0,-2496.0,38.384323,-5.147931,932.4128211484634
1717018365.0,2024-05-29T21:32:45Z,TRA6731,19675.0,430.0,-2240.0,38.345901,-5.16299,934.8125351764061
1717018386.0,2024-05-29T21:33:06Z,TRA6731,18825.0,427.0,-2528.0,38.308273,-5.177774,937.1635784581407
1717018405.0,2024-05-29T21:33:25Z,TRA6731,18000.0,410.0,-2400.0,38.270416,-5.192735,939.530787803002
1717018425.0,2024-05-29T21:33:45Z,TRA6731,17200.0,411.0,-2688.0,38.233932,-5.207461,941.8180651909763
1717018445.0,2024-05-29T21:34:05Z,TRA6731,16325.0,407.5,-3008.0,38.200394,-5.225671,944.0072713667889
1717018466.0,2024-05-29T21:34:26Z,TRA6731,15325.0,404.0,-3130.0,38.165955,-5.245738,946.2807543365185
1717018474.0,2024-05-29T21:34:34Z,TRA6731,14825.0,402.0,-3296.0,38.150257,-5.254928,947.3179059106179
1717018487.0,2024-05-29T21:34:47Z,TRA6731,14275.0,400.0,-2750.0,38.1301,-5.26675,948.6501094007391
1717018495.0,2024-05-29T21:34:55Z,TRA6731,13825.0,401.0,-3320.0,38.115829,-5.275074,949.5924846059867
1717018507.0,2024-05-29T21:35:07Z,TRA6731,13175.0,402.0,-3072.0,38.094315,-5.28758,951.0124096881046
1717018515.0,2024-05-29T21:35:15Z,TRA6731,12775.0,401.0,-2880.0,38.081036,-5.295291,951.8887079825925
1717018527.0,2024-05-29T21:35:27Z,TRA6731,12200.0,400.0,-2784.0,38.060085,-5.307412,953.2705073621171
1717018534.0,2024-05-29T21:35:34Z,TRA6731,11875.0,399.0,-2368.0,38.047981,-5.314397,954.0685139818792
1717018547.0,2024-05-29T21:35:47Z,TRA6731,11500.0,393.0,-1792.0,38.029827,-5.324966,955.2671449398651
1717018555.0,2024-05-29T21:35:55Z,TRA6731,11175.0,388.0,-2144.0,38.013977,-5.334155,956.3129748369978
1717018567.0,2024-05-29T21:36:07Z,TRA6731,10775.0,380.0,-2240.0,37.994431,-5.345433,957.6017308354848
1717018575.0,2024-05-29T21:36:15Z,TRA6731,10500.0,370.0,-2170.0,37.982483,-5.352387,958.3906535951829
1717018587.0,2024-05-29T21:36:27Z,TRA6731,10050.0,375.0,-2300.0,37.965042,-5.36238,959.5393872637413
1717018595.0,2024-05-29T21:36:35Z,TRA6731,9775.0,373.0,-1536.0,37.951385,-5.370165,960.4381818677355
1717018608.0,2024-05-29T21:36:48Z,TRA6731,9500.0,360.0,-1088.0,37.930672,-5.381987,961.801669134541
1717018615.0,2024-05-29T21:36:55Z,TRA6731,9375.0,358.0,-1056.0,37.91922,-5.38856,962.5562323756116
1717018627.0,2024-05-29T21:37:07Z,TRA6731,9175.0,349.0,-960.0,37.900784,-5.399183,963.7717712740448
1717018635.0,2024-05-29T21:37:15Z,TRA6731,9075.0,340.0,-890.0,37.890308,-5.405214,964.4624056716175
1717018647.0,2024-05-29T21:37:27Z,TRA6731,8875.0,330.0,-896.0,37.873169,-5.415091,965.5925210579745
1717018655.0,2024-05-29T21:37:35Z,TRA6731,8775.0,330.0,0.0,37.863144,-5.420877,966.2537318819659
1717018667.0,2024-05-29T21:37:47Z,TRA6731,8650.0,321.0,-672.0,37.847061,-5.430112,967.3136560733216
1717018675.0,2024-05-29T21:37:55Z,TRA6731,8525.0,315.0,0.0,37.833893,-5.437706,968.1821060080341
1717018687.0,2024-05-29T21:38:07Z,TRA6731,8425.0,307.0,-576.0,37.818199,-5.446711,969.2163333842589
1717018694.0,2024-05-29T21:38:14Z,TRA6731,8350.0,300.0,-1280.0,37.8116,-5.450563,969.6524291233969
1717018707.0,2024-05-29T21:38:27Z,TRA6731,8100.0,300.0,-890.0,37.794525,-5.460322,970.7770062776341
1717018715.0,2024-05-29T21:38:35Z,TRA6731,8000.0,299.0,0.0,37.786102,-5.465231,971.3335268231268
1717018727.0,2024-05-29T21:38:47Z,TRA6731,7775.0,297.0,-1024.0,37.768936,-5.475224,972.467528025179
1717018735.0,2024-05-29T21:38:55Z,TRA6731,7650.0,296.0,-1184.0,37.760193,-5.480249,973.0439165636528
1717018743.0,2024-05-29T21:39:03Z,TRA6731,7475.0,296.0,-1150.0,37.749165,-5.486656,973.772232921318
1717018752.0,2024-05-29T21:39:12Z,TRA6731,7300.0,290.0,-1056.0,37.737339,-5.493403,974.5509797493801
1717018755.0,2024-05-29T21:39:15Z,TRA6731,7250.0,295.0,-1210.0,37.733551,-5.495618,974.801422814138
1717018760.0,2024-05-29T21:39:20Z,TRA6731,7125.0,290.0,-1180.0,37.727325,-5.499183,975.2116577135796
1717018763.0,2024-05-29T21:39:23Z,TRA6731,7075.0,290.0,-1150.0,37.723373,-5.501404,975.4712837260536
1717018768.0,2024-05-29T21:39:28Z,TRA6731,7025.0,290.0,-1150.0,37.720093,-5.503332,975.6883327409626
1717018776.0,2024-05-29T21:39:36Z,TRA6731,6850.0,290.0,-1150.0,37.708477,-5.510002,976.454089797826
1717018792.0,2024-05-29T21:39:52Z,TRA6731,6550.0,290.0,-1150.0,37.687576,-5.522003,977.831974858101
1717018796.0,2024-05-29T21:39:56Z,TRA6731,6475.0,290.0,-1150.0,37.683014,-5.52457,978.1317584303774
1717018800.0,2024-05-29T21:40:00Z,TRA6731,6400.0,290.0,-1150.0,37.677567,-5.527676,978.4904618018556
1717018805.0,2024-05-29T21:40:05Z,TRA6731,6325.0,290.0,-1150.0,37.672852,-5.530389,978.8014158655026
1717018808.0,2024-05-29T21:40:08Z,TRA6731,6250.0,285.0,-1150.0,37.667679,-5.533311,979.1415681160784
1717018816.0,2024-05-29T21:40:16Z,TRA6731,6125.0,280.0,-1150.0,37.658112,-5.538745,979.7712150046382
1717018821.0,2024-05-29T21:40:21Z,TRA6731,6050.0,280.0,-1150.0,37.652893,-5.541707,980.1146620997652
1717018825.0,2024-05-29T21:40:25Z,TRA6731,5975.0,280.0,-1106.6666666666667,37.648144,-5.544454,980.4281418376585
1717018833.0,2024-05-29T21:40:33Z,TRA6731,5825.0,280.0,-1063.3333333333333,37.638275,-5.550066,981.0778107478417
1717018837.0,2024-05-29T21:40:37Z,TRA6731,5750.0,280.0,-1020.0,37.633526,-5.552753,981.3901881225337
1717018841.0,2024-05-29T21:40:41Z,TRA6731,5675.0,280.0,0.0,37.631012,-5.554173,981.555508982112
1717018849.0,2024-05-29T21:40:49Z,TRA6731,5550.0,287.0,-960.0,37.618862,-5.561172,982.3570304516059
1717018857.0,2024-05-29T21:40:57Z,TRA6731,5425.0,286.0,0.0,37.609497,-5.566504,982.9736804128307
1717018861.0,2024-05-29T21:41:01Z,TRA6731,5350.0,286.0,-1024.0,37.603592,-5.569893,983.3630081831227
1717018865.0,2024-05-29T21:41:05Z,TRA6731,5300.0,285.0,-1024.0,37.600197,-5.57186,983.5871926408275
1717018873.0,2024-05-29T21:41:13Z,TRA6731,5150.0,283.0,-832.0,37.589218,-5.578074,984.3094627493238
1717018877.0,2024-05-29T21:41:17Z,TRA6731,5100.0,282.0,-960.0,37.58572,-5.5801,984.5404429708126
1717018881.0,2024-05-29T21:41:21Z,TRA6731,5050.0,280.0,-1020.0,37.580429,-5.5831,984.888626814273
1717018885.0,2024-05-29T21:41:25Z,TRA6731,4975.0,281.0,-960.0,37.575756,-5.585772,985.1965604284438
1717018892.0,2024-05-29T21:41:32Z,TRA6731,4875.0,279.0,-832.0,37.568481,-5.589937,985.6760583465748
1717018897.0,2024-05-29T21:41:37Z,TRA6731,4800.0,278.0,-890.0,37.561798,-5.593736,986.1160418263854
1717018901.0,2024-05-29T21:41:41Z,TRA6731,4750.0,277.0,-928.0,37.55695,-5.596519,986.4357222136493
1717018905.0,2024-05-29T21:41:45Z,TRA6731,4675.0,277.0,-1020.0,37.552551,-5.598995,986.7248851652906
1717018909.0,2024-05-29T21:41:49Z,TRA6731,4625.0,275.0,-1088.0,37.548248,-5.601449,987.0083339047391
1717018917.0,2024-05-29T21:41:57Z,TRA6731,4450.0,274.0,-1152.0,37.538467,-5.606968,987.6515452243029
1717018921.0,2024-05-29T21:42:01Z,TRA6731,4375.0,273.0,0.0,37.533554,-5.609748,987.974779996494
1717018925.0,2024-05-29T21:42:05Z,TRA6731,4300.0,270.0,-1280.0,37.530579,-5.611443,988.1707271400929
1717018929.0,2024-05-29T21:42:09Z,TRA6731,4225.0,270.0,-1340.0,37.524876,-5.61467,988.5459433759485
1717018937.0,2024-05-29T21:42:17Z,TRA6731,4050.0,272.0,-1248.0,37.51561,-5.619985,989.1569213612016
1717018941.0,2024-05-29T21:42:21Z,TRA6731,3975.0,270.0,-700.0,37.511189,-5.622552,989.4490121958667
1717018945.0,2024-05-29T21:42:25Z,TRA6731,3925.0,268.0,-608.0,37.506161,-5.625418,989.7802193838426
1717018949.0,2024-05-29T21:42:29Z,TRA6731,3900.0,267.0,-440.0,37.502575,-5.627448,990.0161800144448
1717018957.0,2024-05-29T21:42:37Z,TRA6731,3825.0,260.0,0.0,37.492447,-5.63324,990.6837038352969
1717018961.0,2024-05-29T21:42:41Z,TRA6731,3800.0,259.0,0.0,37.488796,-5.63533,990.9243783663266
1717018965.0,2024-05-29T21:42:45Z,TRA6731,3775.0,250.0,-448.0,37.483978,-5.63809,991.2420207272187
1717018973.0,2024-05-29T21:42:53Z,TRA6731,3700.0,252.0,-510.0,37.475784,-5.642765,991.7818928078614
1717018977.0,2024-05-29T21:42:57Z,TRA6731,3675.0,240.0,-440.0,37.471161,-5.645395,992.086348037831
1717018981.0,2024-05-29T21:43:01Z,TRA6731,3650.0,247.0,-448.0,37.46743,-5.64751,992.3319213438994
1717018985.0,2024-05-29T21:43:05Z,TRA6731,3625.0,244.0,-224.0,37.463146,-5.649958,992.6142571099609
1717018989.0,2024-05-29T21:43:09Z,TRA6731,3625.0,230.0,-380.0,37.458618,-5.652524,992.9122790364328
1717018997.0,2024-05-29T21:43:17Z,TRA6731,3550.0,235.0,-510.0,37.451321,-5.656645,993.3922926428099
1717019001.0,2024-05-29T21:43:21Z,TRA6731,3525.0,220.0,-570.0,37.446854,-5.659213,993.6869846946796
1717019005.0,2024-05-29T21:43:25Z,TRA6731,3475.0,227.0,-800.0,37.443192,-5.66129,993.9280489798608
1717019009.0,2024-05-29T21:43:29Z,TRA6731,3400.0,220.0,-1020.0,37.439312,-5.663393,994.1816555334512
1717019017.0,2024-05-29T21:43:37Z,TRA6731,3275.0,221.0,-1080.0,37.432281,-5.667274,994.6425245510966
1717019021.0,2024-05-29T21:43:41Z,TRA6731,3175.0,220.0,-1210.0,37.428928,-5.669423,994.8678384675203
1717019025.0,2024-05-29T21:43:45Z,TRA6731,3100.0,220.0,-1150.0,37.424694,-5.673364,995.1751135768689
1717019033.0,2024-05-29T21:43:53Z,TRA6731,3000.0,220.0,-830.0,37.42083,-5.679633,995.505107168727
1717019038.0,2024-05-29T21:43:58Z,TRA6731,2925.0,217.0,-1020.0,37.418793,-5.686301,995.7414834669648
1717019041.0,2024-05-29T21:44:01Z,TRA6731,2850.0,210.0,-1080.0,37.418243,-5.689925,995.8391605410866
1717019045.0,2024-05-29T21:44:05Z,TRA6731,2800.0,210.0,-1184.0,37.417942,-5.69468,995.9440825912919
1717019049.0,2024-05-29T21:44:09Z,TRA6731,2700.0,212.0,-1216.0,37.417969,-5.700619,996.0528903191727
1717019057.0,2024-05-29T21:44:17Z,TRA6731,2600.0,211.0,-890.0,37.41827,-5.709427,996.199924633856
1717019065.0,2024-05-29T21:44:25Z,TRA6731,2475.0,205.5,-825.0,37.418427,-5.717682,996.3447471032954
1717019073.0,2024-05-29T21:44:33Z,TRA6731,2350.0,200.0,-760.0,37.418427,-5.729429,996.5633506952987
1717019077.0,2024-05-29T21:44:37Z,TRA6731,2275.0,200.0,-1020.0,37.418457,-5.734863,996.6628815745638
1717019081.0,2024-05-29T21:44:41Z,TRA6731,2225.0,200.0,-960.0,37.418457,-5.737311,996.7084806023222
1717019089.0,2024-05-29T21:44:49Z,TRA6731,2050.0,190.0,-830.0,37.418518,-5.748655,996.9165255352851
1717019097.0,2024-05-29T21:44:57Z,TRA6731,1975.0,180.0,-890.0,37.418427,-5.756193,997.0621387984874
1717019101.0,2024-05-29T21:45:01Z,TRA6731,1900.0,180.0,-1080.0,37.418335,-5.760576,997.1490022830743
1717019106.0,2024-05-29T21:45:06Z,TRA6731,1800.0,170.0,-1020.0,37.418316,-5.765613,997.2440681234941
1717019110.0,2024-05-29T21:45:10Z,TRA6731,1725.0,170.0,-1280.0,37.418335,-5.769809,997.3213645186327
1717019118.0,2024-05-29T21:45:18Z,TRA6731,1550.0,170.0,-1340.0,37.418335,-5.777464,997.4643597327271
1717019122.0,2024-05-29T21:45:22Z,TRA6731,1450.0,170.0,-830.0,37.418362,-5.781734,997.5426677623062
1717019126.0,2024-05-29T21:45:26Z,TRA6731,1400.0,160.0,-795.0,37.418381,-5.785646,997.6147499336208
1717019134.0,2024-05-29T21:45:34Z,TRA6731,1275.0,160.0,-760.0,37.418316,-5.793258,997.7607016408909
1717019138.0,2024-05-29T21:45:38Z,TRA6731,1250.0,150.0,-640.0,37.418316,-5.79696,997.829966895152
1717019142.0,2024-05-29T21:45:42Z,TRA6731,1200.0,150.0,-760.0,37.418289,-5.800489,997.897504235188
1717019146.0,2024-05-29T21:45:46Z,TRA6731,1150.0,140.0,-700.0,37.418243,-5.80382,997.9624010589628
1717019150.0,2024-05-29T21:45:50Z,TRA6731,1100.0,140.0,-760.0,37.418224,-5.806991,998.0228261026189
1717019158.0,2024-05-29T21:45:58Z,TRA6731,1000.0,140.0,-640.0,37.418224,-5.812484,998.12571412187
1717019161.0,2024-05-29T21:46:01Z,TRA6731,975.0,140.0,-640.0,37.418224,-5.816365,998.1984337658561
1717019166.0,2024-05-29T21:46:06Z,TRA6731,925.0,140.0,-640.0,37.418198,-5.820241,998.2725162473738
1717019170.0,2024-05-29T21:46:10Z,TRA6731,875.0,140.0,-640.0,37.418152,-5.823572,998.3375047381228
1717019178.0,2024-05-29T21:46:18Z,TRA6731,775.0,145.0,-700.0,37.418083,-5.830397,998.4693160611689
1717019182.0,2024-05-29T21:46:22Z,TRA6731,750.0,140.0,0.0,37.418083,-5.833561,998.5286787950241
1717019186.0,2024-05-29T21:46:26Z,TRA6731,675.0,146.0,-736.0,37.418106,-5.837246,998.5965647661784
1717019190.0,2024-05-29T21:46:30Z,TRA6731,625.0,146.0,-800.0,37.418106,-5.840578,998.6591120233513
1717019197.0,2024-05-29T21:46:37Z,TRA6731,550.0,140.0,0.0,37.418015,-5.846655,998.7782497205528
1717019202.0,2024-05-29T21:46:42Z,TRA6731,500.0,140.0,-760.0,37.418037,-5.850817,998.8552205763007
1717019206.0,2024-05-29T21:46:46Z,TRA6731,450.0,149.0,-700.0,37.418037,-5.854459,998.9236570704347
1717019218.0,2024-05-29T21:46:58Z,TRA6731,325.0,144.5,-466.6666666666666,37.418015,-5.864537,999.114342703842
1717019222.0,2024-05-29T21:47:02Z,TRA6731,325.0,140.0,-233.3333333333333,37.417992,-5.868371,999.1877302386621
1717019226.0,2024-05-29T21:47:06Z,TRA6731,300.0,140.0,0.0,37.417992,-5.871476,999.2461512146539
1717019230.0,2024-05-29T21:47:10Z,TRA6731,291.0,140.0,0.0,37.417992,-5.874043,999.2944598597498
1717019238.0,2024-05-29T21:47:18Z,TRA6731,291.0,140.0,0.0,37.417942,-5.881925,999.4456077905761
1717019246.0,2024-05-29T21:47:26Z,TRA6731,291.0,110.0,0.0,37.417942,-5.887896,999.5580781406717
1717019250.0,2024-05-29T21:47:30Z,TRA6731,291.0,90.0,0.0,37.417957,-5.890016,999.5971953770012
1717019258.0,2024-05-29T21:47:38Z,TRA6731,291.0,50.0,0.0,37.417946,-5.893347,999.6605767247534
1717019262.0,2024-05-29T21:47:42Z,TRA6731,291.0,40.0,0.0,37.417942,-5.894494,999.6824168133929
1717019266.0,2024-05-29T21:47:46Z,TRA6731,291.0,40.0,0.0,37.417942,-5.895105,999.6939341338411
1717019269.0,2024-05-29T21:47:49Z,TRA6731,291.0,30.0,0.0,37.417934,-5.895772,999.7069488457211
1717019278.0,2024-05-29T21:47:58Z,TRA6731,291.0,20.0,0.0,37.417969,-5.89712,999.7304314780641
1717019286.0,2024-05-29T21:48:06Z,TRA6731,291.0,16.666666666666668,0.0,37.418346,-5.89792,999.7247237399592
1717019289.0,2024-05-29T21:48:09Z,TRA6731,291.0,13.333333333333332,0.0,37.41877,-5.898195,999.7065262818044
1717019298.0,2024-05-29T21:48:18Z,TRA6731,291.0,10.0,0.0,37.419353,-5.898504,999.6802019606858
1717019302.0,2024-05-29T21:48:22Z,TRA6731,291.0,10.0,0.0,37.419559,-5.898606,999.6707650850074
1717019306.0,2024-05-29T21:48:26Z,TRA6731,291.0,10.0,0.0,37.419819,-5.898747,999.6590857905455
1717019309.0,2024-05-29T21:48:29Z,TRA6731,291.0,10.0,0.0,37.420002,-5.898837,999.650691152518
1717019318.0,2024-05-29T21:48:38Z,TRA6731,250.0,10.0,0.0,37.420586,-5.899151,999.6244072203017
1717019322.0,2024-05-29T21:48:42Z,TRA6731,241.0,10.0,0.0,37.420795,-5.89927,999.6151259286535
1717019325.0,2024-05-29T21:48:45Z,TRA6731,241.0,10.0,0.0,37.420982,-5.899315,999.605662375058
1717019329.0,2024-05-29T21:48:49Z,TRA6731,200.0,10.0,0.0,37.421062,-5.89933,999.6015336320585
1717019338.0,2024-05-29T21:48:58Z,TRA6731,177.33333333333331,10.0,0.0,37.421551,-5.898957,999.5675333472021
1717019341.0,2024-05-29T21:49:01Z,TRA6731,175.0,10.0,0.0,37.421585,-5.898899,999.564564615612
1717019345.0,2024-05-29T21:49:05Z,TRA6731,113.66666666666666,10.0,0.0,37.421749,-5.898703,999.5518245400767
1717019349.0,2024-05-29T21:49:09Z,TRA6731,75.0,10.0,0.0,37.42194,-5.89846,999.5367092256156
1717019358.0,2024-05-29T21:49:18Z,TRA6731,50.0,10.0,0.0,37.422398,-5.897905,999.5009864466366
