Timestamp,Altitude,UTC
1717010768.0,300.0,2024-05-29T19:26:08Z
1717010776.0,625.0,2024-05-29T19:26:16Z
1717010780.0,800.0,2024-05-29T19:26:20Z
1717010784.0,1025.0,2024-05-29T19:26:24Z
1717010788.0,1100.0,2024-05-29T19:26:28Z
1717010796.0,1375.0,2024-05-29T19:26:36Z
1717010800.0,1425.0,2024-05-29T19:26:40Z
1717010804.0,1500.0,2024-05-29T19:26:44Z
1717010808.0,1600.0,2024-05-29T19:26:48Z
1717010816.0,1900.0,2024-05-29T19:26:56Z
1717010820.0,1975.0,2024-05-29T19:27:00Z
1717010824.0,2075.0,2024-05-29T19:27:04Z
1717010828.0,2225.0,2024-05-29T19:27:08Z
1717010836.0,2500.0,2024-05-29T19:27:16Z
1717010840.0,2775.0,2024-05-29T19:27:20Z
1717010844.0,2925.0,2024-05-29T19:27:24Z
1717010848.0,3100.0,2024-05-29T19:27:28Z
1717010856.0,3475.0,2024-05-29T19:27:36Z
1717010860.0,3625.0,2024-05-29T19:27:40Z
1717010864.0,3825.0,2024-05-29T19:27:44Z
1717010868.0,4025.0,2024-05-29T19:27:48Z
1717010876.0,4475.0,2024-05-29T19:27:56Z
1717010880.0,4675.0,2024-05-29T19:28:00Z
1717010885.0,5050.0,2024-05-29T19:28:05Z
1717010889.0,5300.0,2024-05-29T19:28:09Z
1717010897.0,5625.0,2024-05-29T19:28:17Z
1717010901.0,5775.0,2024-05-29T19:28:21Z
1717010905.0,5950.0,2024-05-29T19:28:25Z
1717010908.0,6025.0,2024-05-29T19:28:28Z
1717010916.0,6275.0,2024-05-29T19:28:36Z
1717010921.0,6425.0,2024-05-29T19:28:41Z
1717010924.0,6475.0,2024-05-29T19:28:44Z
1717010929.0,6675.0,2024-05-29T19:28:49Z
1717010937.0,7025.0,2024-05-29T19:28:57Z
1717010941.0,7325.0,2024-05-29T19:29:01Z
1717010945.0,7550.0,2024-05-29T19:29:05Z
1717010953.0,7900.0,2024-05-29T19:29:13Z
1717010965.0,8350.0,2024-05-29T19:29:25Z
1717010973.0,8800.0,2024-05-29T19:29:33Z
1717010984.0,9525.0,2024-05-29T19:29:44Z
1717010996.0,10425.0,2024-05-29T19:29:56Z
1717011004.0,10975.0,2024-05-29T19:30:04Z
1717011016.0,11800.0,2024-05-29T19:30:16Z
1717011024.0,12175.0,2024-05-29T19:30:24Z
1717011032.0,12550.0,2024-05-29T19:30:32Z
1717011044.0,13100.0,2024-05-29T19:30:44Z
1717011056.0,13675.0,2024-05-29T19:30:56Z
1717011064.0,14075.0,2024-05-29T19:31:04Z
1717011076.0,14675.0,2024-05-29T19:31:16Z
1717011080.0,14800.0,2024-05-29T19:31:20Z
1717011096.0,15600.0,2024-05-29T19:31:36Z
1717011116.0,16500.0,2024-05-29T19:31:56Z
1717011132.0,16975.0,2024-05-29T19:32:12Z
1717011157.0,18250.0,2024-05-29T19:32:37Z
1717011173.0,19025.0,2024-05-29T19:32:53Z
1717011194.0,19950.0,2024-05-29T19:33:14Z
1717011214.0,20775.0,2024-05-29T19:33:34Z
1717011234.0,21525.0,2024-05-29T19:33:54Z
1717011254.0,22175.0,2024-05-29T19:34:14Z
1717011274.0,22825.0,2024-05-29T19:34:34Z
1717011294.0,23450.0,2024-05-29T19:34:54Z
1717011314.0,24075.0,2024-05-29T19:35:14Z
1717011334.0,24675.0,2024-05-29T19:35:34Z
1717011343.0,24925.0,2024-05-29T19:35:43Z
1717011367.0,25575.0,2024-05-29T19:36:07Z
1717011395.0,26250.0,2024-05-29T19:36:35Z
1717011423.0,27050.0,2024-05-29T19:37:03Z
1717011455.0,28275.0,2024-05-29T19:37:35Z
1717011484.0,29250.0,2024-05-29T19:38:04Z
1717011516.0,30000.0,2024-05-29T19:38:36Z
1717011544.0,30000.0,2024-05-29T19:39:04Z
1717011576.0,30000.0,2024-05-29T19:39:36Z
1717011605.0,30000.0,2024-05-29T19:40:05Z
1717011629.0,30000.0,2024-05-29T19:40:29Z
1717011637.0,30000.0,2024-05-29T19:40:37Z
1717011665.0,30000.0,2024-05-29T19:41:05Z
1717011698.0,30075.0,2024-05-29T19:41:38Z
1717011726.0,30875.0,2024-05-29T19:42:06Z
1717011758.0,31700.0,2024-05-29T19:42:38Z
1717011786.0,32375.0,2024-05-29T19:43:06Z
1717011818.0,33050.0,2024-05-29T19:43:38Z
1717011846.0,33575.0,2024-05-29T19:44:06Z
1717011875.0,34100.0,2024-05-29T19:44:35Z
1717011907.0,34650.0,2024-05-29T19:45:07Z
1717011939.0,35000.0,2024-05-29T19:45:39Z
1717011967.0,35000.0,2024-05-29T19:46:07Z
1717011995.0,35000.0,2024-05-29T19:46:35Z
1717012028.0,35000.0,2024-05-29T19:47:08Z
1717012056.0,35000.0,2024-05-29T19:47:36Z
1717012088.0,35000.0,2024-05-29T19:48:08Z
1717012116.0,35000.0,2024-05-29T19:48:36Z
1717012148.0,35000.0,2024-05-29T19:49:08Z
1717012176.0,35000.0,2024-05-29T19:49:36Z
1717012205.0,35000.0,2024-05-29T19:50:05Z
1717012237.0,35000.0,2024-05-29T19:50:37Z
1717012265.0,35000.0,2024-05-29T19:51:05Z
1717012297.0,35000.0,2024-05-29T19:51:37Z
1717012325.0,35000.0,2024-05-29T19:52:05Z
1717012358.0,35000.0,2024-05-29T19:52:38Z
1717012386.0,35000.0,2024-05-29T19:53:06Z
1717012418.0,35000.0,2024-05-29T19:53:38Z
1717012446.0,35000.0,2024-05-29T19:54:06Z
1717012478.0,35000.0,2024-05-29T19:54:38Z
1717012506.0,35000.0,2024-05-29T19:55:06Z
1717012538.0,35000.0,2024-05-29T19:55:38Z
1717012567.0,35000.0,2024-05-29T19:56:07Z
1717012599.0,35000.0,2024-05-29T19:56:39Z
1717012627.0,35000.0,2024-05-29T19:57:07Z
1717012655.0,35000.0,2024-05-29T19:57:35Z
1717012687.0,35000.0,2024-05-29T19:58:07Z
1717012716.0,35000.0,2024-05-29T19:58:36Z
1717012747.0,35000.0,2024-05-29T19:59:07Z
1717012776.0,35000.0,2024-05-29T19:59:36Z
1717012808.0,35000.0,2024-05-29T20:00:08Z
1717012836.0,35000.0,2024-05-29T20:00:36Z
1717012868.0,35000.0,2024-05-29T20:01:08Z
1717012897.0,35000.0,2024-05-29T20:01:37Z
1717012928.0,35000.0,2024-05-29T20:02:08Z
1717012957.0,35000.0,2024-05-29T20:02:37Z
1717012988.0,35000.0,2024-05-29T20:03:08Z
1717013016.0,35000.0,2024-05-29T20:03:36Z
1717013049.0,35000.0,2024-05-29T20:04:09Z
1717013077.0,35000.0,2024-05-29T20:04:37Z
1717013109.0,35000.0,2024-05-29T20:05:09Z
1717013137.0,35000.0,2024-05-29T20:05:37Z
1717013169.0,35000.0,2024-05-29T20:06:09Z
1717013198.0,35000.0,2024-05-29T20:06:38Z
1717013222.0,35000.0,2024-05-29T20:07:02Z
1717013230.0,35000.0,2024-05-29T20:07:10Z
1717013258.0,35000.0,2024-05-29T20:07:38Z
1717013286.0,35000.0,2024-05-29T20:08:06Z
1717013298.0,35000.0,2024-05-29T20:08:18Z
1717013314.0,35000.0,2024-05-29T20:08:34Z
1717013317.0,35000.0,2024-05-29T20:08:37Z
1717013334.0,35000.0,2024-05-29T20:08:54Z
1717013346.0,35000.0,2024-05-29T20:09:06Z
1717013350.0,35000.0,2024-05-29T20:09:10Z
1717013374.0,35000.0,2024-05-29T20:09:34Z
1717013378.0,35000.0,2024-05-29T20:09:38Z
1717013411.0,35000.0,2024-05-29T20:10:11Z
1717013439.0,35000.0,2024-05-29T20:10:39Z
1717013466.0,35000.0,2024-05-29T20:11:06Z
1717013494.0,35000.0,2024-05-29T20:11:34Z
1717013499.0,35000.0,2024-05-29T20:11:39Z
1717013527.0,35000.0,2024-05-29T20:12:07Z
1717013559.0,35000.0,2024-05-29T20:12:39Z
1717013563.0,35000.0,2024-05-29T20:12:43Z
1717013583.0,35000.0,2024-05-29T20:13:03Z
1717013587.0,35000.0,2024-05-29T20:13:07Z
1717013599.0,35000.0,2024-05-29T20:13:19Z
1717013611.0,35000.0,2024-05-29T20:13:31Z
1717013619.0,35000.0,2024-05-29T20:13:39Z
1717013648.0,35000.0,2024-05-29T20:14:08Z
1717013680.0,35000.0,2024-05-29T20:14:40Z
1717013684.0,35000.0,2024-05-29T20:14:44Z
1717013708.0,35000.0,2024-05-29T20:15:08Z
1717013740.0,35000.0,2024-05-29T20:15:40Z
1717013744.0,35000.0,2024-05-29T20:15:44Z
1717013768.0,35000.0,2024-05-29T20:16:08Z
1717013800.0,35000.0,2024-05-29T20:16:40Z
1717013821.0,35000.0,2024-05-29T20:17:01Z
1717013828.0,35000.0,2024-05-29T20:17:08Z
1717013860.0,35000.0,2024-05-29T20:17:40Z
1717013884.0,35000.0,2024-05-29T20:18:04Z
1717013889.0,35000.0,2024-05-29T20:18:09Z
1717013904.0,35000.0,2024-05-29T20:18:24Z
1717013917.0,35000.0,2024-05-29T20:18:37Z
1717013921.0,35000.0,2024-05-29T20:18:41Z
1717013933.0,35000.0,2024-05-29T20:18:53Z
1717013948.0,35000.0,2024-05-29T20:19:08Z
1717013977.0,35000.0,2024-05-29T20:19:37Z
1717013993.0,35000.0,2024-05-29T20:19:53Z
1717014009.0,35000.0,2024-05-29T20:20:09Z
1717014033.0,35000.0,2024-05-29T20:20:33Z
1717014041.0,35000.0,2024-05-29T20:20:41Z
1717014069.0,35000.0,2024-05-29T20:21:09Z
1717014102.0,35000.0,2024-05-29T20:21:42Z
1717014106.0,35000.0,2024-05-29T20:21:46Z
1717014118.0,35000.0,2024-05-29T20:21:58Z
1717014130.0,35000.0,2024-05-29T20:22:10Z
1717014157.0,35000.0,2024-05-29T20:22:37Z
1717014166.0,35000.0,2024-05-29T20:22:46Z
1717014190.0,35000.0,2024-05-29T20:23:10Z
1717014214.0,35000.0,2024-05-29T20:23:34Z
1717014222.0,35000.0,2024-05-29T20:23:42Z
1717014226.0,35000.0,2024-05-29T20:23:46Z
1717014234.0,35000.0,2024-05-29T20:23:54Z
1717014250.0,35000.0,2024-05-29T20:24:10Z
1717014278.0,35000.0,2024-05-29T20:24:38Z
1717014298.0,35000.0,2024-05-29T20:24:58Z
1717014310.0,35000.0,2024-05-29T20:25:10Z
1717014326.0,35000.0,2024-05-29T20:25:26Z
1717014338.0,35000.0,2024-05-29T20:25:38Z
1717014346.0,35000.0,2024-05-29T20:25:46Z
1717014371.0,35000.0,2024-05-29T20:26:11Z
1717014399.0,35000.0,2024-05-29T20:26:39Z
1717014415.0,35000.0,2024-05-29T20:26:55Z
1717014423.0,35000.0,2024-05-29T20:27:03Z
1717014430.0,35000.0,2024-05-29T20:27:10Z
1717014435.0,35000.0,2024-05-29T20:27:15Z
1717014446.0,35000.0,2024-05-29T20:27:26Z
1717014459.0,35000.0,2024-05-29T20:27:39Z
1717014483.0,35000.0,2024-05-29T20:28:03Z
1717014491.0,35000.0,2024-05-29T20:28:11Z
1717014519.0,35000.0,2024-05-29T20:28:39Z
1717014531.0,35000.0,2024-05-29T20:28:51Z
1717014551.0,35000.0,2024-05-29T20:29:11Z
1717014580.0,35000.0,2024-05-29T20:29:40Z
1717014596.0,35000.0,2024-05-29T20:29:56Z
1717014608.0,35000.0,2024-05-29T20:30:08Z
1717014616.0,35000.0,2024-05-29T20:30:16Z
1717014639.0,35000.0,2024-05-29T20:30:39Z
1717014647.0,35000.0,2024-05-29T20:30:47Z
1717014652.0,35000.0,2024-05-29T20:30:52Z
1717014659.0,35000.0,2024-05-29T20:30:59Z
1717014671.0,35000.0,2024-05-29T20:31:11Z
1717014700.0,35000.0,2024-05-29T20:31:40Z
1717014732.0,35000.0,2024-05-29T20:32:12Z
1717014756.0,35000.0,2024-05-29T20:32:36Z
1717014761.0,35000.0,2024-05-29T20:32:41Z
1717014789.0,35000.0,2024-05-29T20:33:09Z
1717014809.0,35000.0,2024-05-29T20:33:29Z
1717014820.0,35000.0,2024-05-29T20:33:40Z
1717014833.0,35000.0,2024-05-29T20:33:53Z
1717014849.0,35000.0,2024-05-29T20:34:09Z
1717014857.0,35000.0,2024-05-29T20:34:17Z
1717014881.0,35000.0,2024-05-29T20:34:41Z
1717014909.0,35000.0,2024-05-29T20:35:09Z
1717014913.0,35000.0,2024-05-29T20:35:13Z
1717014941.0,35000.0,2024-05-29T20:35:41Z
1717014949.0,35000.0,2024-05-29T20:35:49Z
1717014969.0,35000.0,2024-05-29T20:36:09Z
1717014981.0,35000.0,2024-05-29T20:36:21Z
1717014993.0,35000.0,2024-05-29T20:36:33Z
1717015001.0,35000.0,2024-05-29T20:36:41Z
1717015008.0,35000.0,2024-05-29T20:36:48Z
1717015017.0,35000.0,2024-05-29T20:36:57Z
1717015030.0,35000.0,2024-05-29T20:37:10Z
1717015037.0,35000.0,2024-05-29T20:37:17Z
1717015053.0,35000.0,2024-05-29T20:37:33Z
1717015061.0,35000.0,2024-05-29T20:37:41Z
1717015089.0,35000.0,2024-05-29T20:38:09Z
1717015122.0,35000.0,2024-05-29T20:38:42Z
1717015150.0,35000.0,2024-05-29T20:39:10Z
1717015182.0,35000.0,2024-05-29T20:39:42Z
1717015202.0,35000.0,2024-05-29T20:40:02Z
1717015210.0,35000.0,2024-05-29T20:40:10Z
1717015242.0,35000.0,2024-05-29T20:40:42Z
1717015262.0,35000.0,2024-05-29T20:41:02Z
1717015270.0,35000.0,2024-05-29T20:41:10Z
1717015291.0,35000.0,2024-05-29T20:41:31Z
1717015299.0,35000.0,2024-05-29T20:41:39Z
1717015330.0,35000.0,2024-05-29T20:42:10Z
1717015363.0,35000.0,2024-05-29T20:42:43Z
1717015391.0,35000.0,2024-05-29T20:43:11Z
1717015395.0,35000.0,2024-05-29T20:43:15Z
1717015419.0,35000.0,2024-05-29T20:43:39Z
1717015451.0,35000.0,2024-05-29T20:44:11Z
1717015480.0,35000.0,2024-05-29T20:44:40Z
1717015495.0,35000.0,2024-05-29T20:44:55Z
1717015511.0,35000.0,2024-05-29T20:45:11Z
1717015515.0,35000.0,2024-05-29T20:45:15Z
1717015539.0,35000.0,2024-05-29T20:45:39Z
1717015558.0,35000.0,2024-05-29T20:45:58Z
1717015572.0,35000.0,2024-05-29T20:46:12Z
1717015576.0,35000.0,2024-05-29T20:46:16Z
1717015588.0,35000.0,2024-05-29T20:46:28Z
1717015600.0,35000.0,2024-05-29T20:46:40Z
1717015616.0,35000.0,2024-05-29T20:46:56Z
1717015632.0,35000.0,2024-05-29T20:47:12Z
1717015660.0,35000.0,2024-05-29T20:47:40Z
1717015671.0,35000.0,2024-05-29T20:47:51Z
1717015680.0,35000.0,2024-05-29T20:48:00Z
1717015692.0,35000.0,2024-05-29T20:48:12Z
1717015704.0,35000.0,2024-05-29T20:48:24Z
1717015720.0,35000.0,2024-05-29T20:48:40Z
1717015733.0,35000.0,2024-05-29T20:48:53Z
1717015740.0,35000.0,2024-05-29T20:49:00Z
1717015752.0,35000.0,2024-05-29T20:49:12Z
1717015764.0,35000.0,2024-05-29T20:49:24Z
1717015781.0,35000.0,2024-05-29T20:49:41Z
1717015808.0,35000.0,2024-05-29T20:50:08Z
1717015837.0,35000.0,2024-05-29T20:50:37Z
1717015841.0,35000.0,2024-05-29T20:50:41Z
1717015861.0,35000.0,2024-05-29T20:51:01Z
1717015869.0,35000.0,2024-05-29T20:51:09Z
1717015880.0,35000.0,2024-05-29T20:51:20Z
1717015901.0,35000.0,2024-05-29T20:51:41Z
1717015913.0,35000.0,2024-05-29T20:51:53Z
1717015925.0,35000.0,2024-05-29T20:52:05Z
1717015932.0,35000.0,2024-05-29T20:52:12Z
1717015961.0,35000.0,2024-05-29T20:52:41Z
1717015993.0,35000.0,2024-05-29T20:53:13Z
1717016021.0,35000.0,2024-05-29T20:53:41Z
1717016045.0,35000.0,2024-05-29T20:54:05Z
1717016053.0,35000.0,2024-05-29T20:54:13Z
1717016061.0,35000.0,2024-05-29T20:54:21Z
1717016081.0,35000.0,2024-05-29T20:54:41Z
1717016105.0,35000.0,2024-05-29T20:55:05Z
1717016113.0,35000.0,2024-05-29T20:55:13Z
1717016116.0,35000.0,2024-05-29T20:55:16Z
1717016142.0,35000.0,2024-05-29T20:55:42Z
1717016157.0,35000.0,2024-05-29T20:55:57Z
1717016174.0,35000.0,2024-05-29T20:56:14Z
1717016201.0,35000.0,2024-05-29T20:56:41Z
1717016233.0,35000.0,2024-05-29T20:57:13Z
1717016236.0,35000.0,2024-05-29T20:57:16Z
1717016253.0,35000.0,2024-05-29T20:57:33Z
1717016261.0,35000.0,2024-05-29T20:57:41Z
1717016265.0,35000.0,2024-05-29T20:57:45Z
1717016294.0,35000.0,2024-05-29T20:58:14Z
1717016314.0,35000.0,2024-05-29T20:58:34Z
1717016322.0,35000.0,2024-05-29T20:58:42Z
1717016326.0,35000.0,2024-05-29T20:58:46Z
1717016342.0,35000.0,2024-05-29T20:59:02Z
1717016354.0,35000.0,2024-05-29T20:59:14Z
1717016382.0,35000.0,2024-05-29T20:59:42Z
1717016386.0,35000.0,2024-05-29T20:59:46Z
1717016390.0,35000.0,2024-05-29T20:59:50Z
1717016398.0,35000.0,2024-05-29T20:59:58Z
1717016414.0,35000.0,2024-05-29T21:00:14Z
1717016443.0,35000.0,2024-05-29T21:00:43Z
1717016475.0,35000.0,2024-05-29T21:01:15Z
1717016486.0,35000.0,2024-05-29T21:01:26Z
1717016503.0,35000.0,2024-05-29T21:01:43Z
1717016527.0,35000.0,2024-05-29T21:02:07Z
1717016531.0,35000.0,2024-05-29T21:02:11Z
1717016539.0,35000.0,2024-05-29T21:02:19Z
1717016555.0,35000.0,2024-05-29T21:02:35Z
1717016563.0,35000.0,2024-05-29T21:02:43Z
1717016579.0,35000.0,2024-05-29T21:02:59Z
1717016591.0,35000.0,2024-05-29T21:03:11Z
1717016607.0,35000.0,2024-05-29T21:03:27Z
1717016623.0,35000.0,2024-05-29T21:03:43Z
1717016627.0,35000.0,2024-05-29T21:03:47Z
1717016652.0,35000.0,2024-05-29T21:04:12Z
1717016656.0,35000.0,2024-05-29T21:04:16Z
1717016675.0,35000.0,2024-05-29T21:04:35Z
1717016684.0,35000.0,2024-05-29T21:04:44Z
1717016712.0,35000.0,2024-05-29T21:05:12Z
1717016735.0,35000.0,2024-05-29T21:05:35Z
1717016744.0,35000.0,2024-05-29T21:05:44Z
1717016751.0,35000.0,2024-05-29T21:05:51Z
1717016764.0,35000.0,2024-05-29T21:06:04Z
1717016772.0,35000.0,2024-05-29T21:06:12Z
1717016804.0,35000.0,2024-05-29T21:06:44Z
1717016808.0,35000.0,2024-05-29T21:06:48Z
1717016832.0,35000.0,2024-05-29T21:07:12Z
1717016860.0,35000.0,2024-05-29T21:07:40Z
1717016864.0,35000.0,2024-05-29T21:07:44Z
1717016872.0,35000.0,2024-05-29T21:07:52Z
1717016892.0,35000.0,2024-05-29T21:08:12Z
1717016896.0,35000.0,2024-05-29T21:08:16Z
1717016924.0,35000.0,2024-05-29T21:08:44Z
1717016940.0,35000.0,2024-05-29T21:09:00Z
1717016952.0,35000.0,2024-05-29T21:09:12Z
1717016984.0,35000.0,2024-05-29T21:09:44Z
1717017004.0,35000.0,2024-05-29T21:10:04Z
1717017012.0,35000.0,2024-05-29T21:10:12Z
1717017044.0,35000.0,2024-05-29T21:10:44Z
1717017072.0,35000.0,2024-05-29T21:11:12Z
1717017105.0,35000.0,2024-05-29T21:11:45Z
1717017125.0,35000.0,2024-05-29T21:12:05Z
1717017133.0,35000.0,2024-05-29T21:12:13Z
1717017165.0,35000.0,2024-05-29T21:12:45Z
1717017173.0,35000.0,2024-05-29T21:12:53Z
1717017193.0,35000.0,2024-05-29T21:13:13Z
1717017225.0,35000.0,2024-05-29T21:13:45Z
1717017253.0,35000.0,2024-05-29T21:14:13Z
1717017285.0,35000.0,2024-05-29T21:14:45Z
1717017313.0,35000.0,2024-05-29T21:15:13Z
1717017317.0,35000.0,2024-05-29T21:15:17Z
1717017338.0,35000.0,2024-05-29T21:15:38Z
1717017346.0,35000.0,2024-05-29T21:15:46Z
1717017353.0,35000.0,2024-05-29T21:15:53Z
1717017374.0,35000.0,2024-05-29T21:16:14Z
1717017405.0,35000.0,2024-05-29T21:16:45Z
1717017434.0,35000.0,2024-05-29T21:17:14Z
1717017438.0,35000.0,2024-05-29T21:17:18Z
1717017466.0,35000.0,2024-05-29T21:17:46Z
1717017494.0,35000.0,2024-05-29T21:18:14Z
1717017522.0,35000.0,2024-05-29T21:18:42Z
1717017555.0,35000.0,2024-05-29T21:19:15Z
1717017578.0,35000.0,2024-05-29T21:19:38Z
1717017614.0,35000.0,2024-05-29T21:20:14Z
1717017639.0,35000.0,2024-05-29T21:20:39Z
1717017647.0,35000.0,2024-05-29T21:20:47Z
1717017674.0,35000.0,2024-05-29T21:21:14Z
1717017707.0,35000.0,2024-05-29T21:21:47Z
1717017735.0,35000.0,2024-05-29T21:22:15Z
1717017763.0,35000.0,2024-05-29T21:22:43Z
1717017795.0,35000.0,2024-05-29T21:23:15Z
1717017823.0,35000.0,2024-05-29T21:23:43Z
1717017855.0,35000.0,2024-05-29T21:24:15Z
1717017884.476,35000.0,2024-05-29T21:24:44Z
1717017912.0,35000.0,2024-05-29T21:25:12Z
1717017944.0,35000.0,2024-05-29T21:25:44Z
1717017976.0,34150.0,2024-05-29T21:26:16Z
1717018004.0,33700.0,2024-05-29T21:26:44Z
1717018036.0,33200.0,2024-05-29T21:27:16Z
1717018064.0,32750.0,2024-05-29T21:27:44Z
1717018097.133,32225.0,2024-05-29T21:28:17Z
1717018124.0,31775.0,2024-05-29T21:28:44Z
1717018152.0,30350.0,2024-05-29T21:29:12Z
1717018184.0,28375.0,2024-05-29T21:29:44Z
1717018217.0,26500.0,2024-05-29T21:30:17Z
1717018245.0,24975.0,2024-05-29T21:30:45Z
1717018264.0,24175.0,2024-05-29T21:31:04Z
1717018285.0,23350.0,2024-05-29T21:31:25Z
1717018306.0,22400.0,2024-05-29T21:31:46Z
1717018326.0,21400.0,2024-05-29T21:32:06Z
1717018345.0,20500.0,2024-05-29T21:32:25Z
1717018365.0,19675.0,2024-05-29T21:32:45Z
1717018386.0,18825.0,2024-05-29T21:33:06Z
1717018405.0,18000.0,2024-05-29T21:33:25Z
1717018425.0,17200.0,2024-05-29T21:33:45Z
1717018445.0,16325.0,2024-05-29T21:34:05Z
1717018466.0,15325.0,2024-05-29T21:34:26Z
1717018474.0,14825.0,2024-05-29T21:34:34Z
1717018487.0,14275.0,2024-05-29T21:34:47Z
1717018495.0,13825.0,2024-05-29T21:34:55Z
1717018507.0,13175.0,2024-05-29T21:35:07Z
1717018515.0,12775.0,2024-05-29T21:35:15Z
1717018527.0,12200.0,2024-05-29T21:35:27Z
1717018534.0,11875.0,2024-05-29T21:35:34Z
1717018547.0,11500.0,2024-05-29T21:35:47Z
1717018555.0,11175.0,2024-05-29T21:35:55Z
1717018567.0,10775.0,2024-05-29T21:36:07Z
1717018575.0,10500.0,2024-05-29T21:36:15Z
1717018587.0,10050.0,2024-05-29T21:36:27Z
1717018595.0,9775.0,2024-05-29T21:36:35Z
1717018608.0,9500.0,2024-05-29T21:36:48Z
1717018615.0,9375.0,2024-05-29T21:36:55Z
1717018627.0,9175.0,2024-05-29T21:37:07Z
1717018635.0,9075.0,2024-05-29T21:37:15Z
1717018647.0,8875.0,2024-05-29T21:37:27Z
1717018655.0,8775.0,2024-05-29T21:37:35Z
1717018667.0,8650.0,2024-05-29T21:37:47Z
1717018675.0,8525.0,2024-05-29T21:37:55Z
1717018687.0,8425.0,2024-05-29T21:38:07Z
1717018694.0,8350.0,2024-05-29T21:38:14Z
1717018707.0,8100.0,2024-05-29T21:38:27Z
1717018715.0,8000.0,2024-05-29T21:38:35Z
1717018727.0,7775.0,2024-05-29T21:38:47Z
1717018735.0,7650.0,2024-05-29T21:38:55Z
1717018743.0,7475.0,2024-05-29T21:39:03Z
1717018752.0,7300.0,2024-05-29T21:39:12Z
1717018755.0,7250.0,2024-05-29T21:39:15Z
1717018760.0,7125.0,2024-05-29T21:39:20Z
1717018763.0,7075.0,2024-05-29T21:39:23Z
1717018768.0,7025.0,2024-05-29T21:39:28Z
1717018776.0,6850.0,2024-05-29T21:39:36Z
1717018792.0,6550.0,2024-05-29T21:39:52Z
1717018796.0,6475.0,2024-05-29T21:39:56Z
1717018800.0,6400.0,2024-05-29T21:40:00Z
1717018805.0,6325.0,2024-05-29T21:40:05Z
1717018808.0,6250.0,2024-05-29T21:40:08Z
1717018816.0,6125.0,2024-05-29T21:40:16Z
1717018821.0,6050.0,2024-05-29T21:40:21Z
1717018825.0,5975.0,2024-05-29T21:40:25Z
1717018833.0,5825.0,2024-05-29T21:40:33Z
1717018837.0,5750.0,2024-05-29T21:40:37Z
1717018841.0,5675.0,2024-05-29T21:40:41Z
1717018849.0,5550.0,2024-05-29T21:40:49Z
1717018857.0,5425.0,2024-05-29T21:40:57Z
1717018861.0,5350.0,2024-05-29T21:41:01Z
1717018865.0,5300.0,2024-05-29T21:41:05Z
1717018873.0,5150.0,2024-05-29T21:41:13Z
1717018877.0,5100.0,2024-05-29T21:41:17Z
1717018881.0,5050.0,2024-05-29T21:41:21Z
1717018885.0,4975.0,2024-05-29T21:41:25Z
1717018892.0,4875.0,2024-05-29T21:41:32Z
1717018897.0,4800.0,2024-05-29T21:41:37Z
1717018901.0,4750.0,2024-05-29T21:41:41Z
1717018905.0,4675.0,2024-05-29T21:41:45Z
1717018909.0,4625.0,2024-05-29T21:41:49Z
1717018917.0,4450.0,2024-05-29T21:41:57Z
1717018921.0,4375.0,2024-05-29T21:42:01Z
1717018925.0,4300.0,2024-05-29T21:42:05Z
1717018929.0,4225.0,2024-05-29T21:42:09Z
1717018937.0,4050.0,2024-05-29T21:42:17Z
1717018941.0,3975.0,2024-05-29T21:42:21Z
1717018945.0,3925.0,2024-05-29T21:42:25Z
1717018949.0,3900.0,2024-05-29T21:42:29Z
1717018957.0,3825.0,2024-05-29T21:42:37Z
1717018961.0,3800.0,2024-05-29T21:42:41Z
1717018965.0,3775.0,2024-05-29T21:42:45Z
1717018973.0,3700.0,2024-05-29T21:42:53Z
1717018977.0,3675.0,2024-05-29T21:42:57Z
1717018981.0,3650.0,2024-05-29T21:43:01Z
1717018985.0,3625.0,2024-05-29T21:43:05Z
1717018989.0,3625.0,2024-05-29T21:43:09Z
1717018997.0,3550.0,2024-05-29T21:43:17Z
1717019001.0,3525.0,2024-05-29T21:43:21Z
1717019005.0,3475.0,2024-05-29T21:43:25Z
1717019009.0,3400.0,2024-05-29T21:43:29Z
1717019017.0,3275.0,2024-05-29T21:43:37Z
1717019021.0,3175.0,2024-05-29T21:43:41Z
1717019025.0,3100.0,2024-05-29T21:43:45Z
1717019033.0,3000.0,2024-05-29T21:43:53Z
1717019038.0,2925.0,2024-05-29T21:43:58Z
1717019041.0,2850.0,2024-05-29T21:44:01Z
1717019045.0,2800.0,2024-05-29T21:44:05Z
1717019049.0,2700.0,2024-05-29T21:44:09Z
1717019057.0,2600.0,2024-05-29T21:44:17Z
1717019065.0,2475.0,2024-05-29T21:44:25Z
1717019073.0,2350.0,2024-05-29T21:44:33Z
1717019077.0,2275.0,2024-05-29T21:44:37Z
1717019081.0,2225.0,2024-05-29T21:44:41Z
1717019089.0,2050.0,2024-05-29T21:44:49Z
1717019097.0,1975.0,2024-05-29T21:44:57Z
1717019101.0,1900.0,2024-05-29T21:45:01Z
1717019106.0,1800.0,2024-05-29T21:45:06Z
1717019110.0,1725.0,2024-05-29T21:45:10Z
1717019118.0,1550.0,2024-05-29T21:45:18Z
1717019122.0,1450.0,2024-05-29T21:45:22Z
1717019126.0,1400.0,2024-05-29T21:45:26Z
1717019134.0,1275.0,2024-05-29T21:45:34Z
1717019138.0,1250.0,2024-05-29T21:45:38Z
1717019142.0,1200.0,2024-05-29T21:45:42Z
1717019146.0,1150.0,2024-05-29T21:45:46Z
1717019150.0,1100.0,2024-05-29T21:45:50Z
1717019158.0,1000.0,2024-05-29T21:45:58Z
1717019161.0,975.0,2024-05-29T21:46:01Z
1717019166.0,925.0,2024-05-29T21:46:06Z
1717019170.0,875.0,2024-05-29T21:46:10Z
1717019178.0,775.0,2024-05-29T21:46:18Z
1717019182.0,750.0,2024-05-29T21:46:22Z
1717019186.0,675.0,2024-05-29T21:46:26Z
1717019190.0,625.0,2024-05-29T21:46:30Z
1717019197.0,550.0,2024-05-29T21:46:37Z
1717019202.0,500.0,2024-05-29T21:46:42Z
1717019206.0,450.0,2024-05-29T21:46:46Z
1717019218.0,325.0,2024-05-29T21:46:58Z
1717019222.0,325.0,2024-05-29T21:47:02Z
1717019226.0,300.0,2024-05-29T21:47:06Z
1717019230.0,291.0,2024-05-29T21:47:10Z
1717019238.0,291.0,2024-05-29T21:47:18Z
1717019246.0,291.0,2024-05-29T21:47:26Z
1717019250.0,291.0,2024-05-29T21:47:30Z
1717019258.0,291.0,2024-05-29T21:47:38Z
1717019262.0,291.0,2024-05-29T21:47:42Z
1717019266.0,291.0,2024-05-29T21:47:46Z
1717019269.0,291.0,2024-05-29T21:47:49Z
1717019278.0,291.0,2024-05-29T21:47:58Z
1717019286.0,291.0,2024-05-29T21:48:06Z
1717019289.0,291.0,2024-05-29T21:48:09Z
1717019298.0,291.0,2024-05-29T21:48:18Z
1717019302.0,291.0,2024-05-29T21:48:22Z
1717019306.0,291.0,2024-05-29T21:48:26Z
1717019309.0,291.0,2024-05-29T21:48:29Z
1717019318.0,250.0,2024-05-29T21:48:38Z
1717019322.0,241.0,2024-05-29T21:48:42Z
1717019325.0,241.0,2024-05-29T21:48:45Z
1717019329.0,200.0,2024-05-29T21:48:49Z
1717019338.0,177.33333333333331,2024-05-29T21:48:58Z
1717019341.0,175.0,2024-05-29T21:49:01Z
1717019345.0,113.66666666666666,2024-05-29T21:49:05Z
1717019349.0,75.0,2024-05-29T21:49:09Z
1717019358.0,50.0,2024-05-29T21:49:18Z
