Timestamp,UTC,Callsign,Altitude,Speed,Direction,latitude,longitude,nautical_miles
1713128675,2024-04-14T21:04:35Z,WUK738,0,0,348,51.15501,-0.169697,0.0
1713128748,2024-04-14T21:05:48Z,WUK738,0,2,348,51.154804,-0.169601,0.012885865283334515
1713128766,2024-04-14T21:06:06Z,WUK738,0,3,348,51.154598,-0.169527,0.02555167485204751
1713128784,2024-04-14T21:06:24Z,WUK738,0,3,348,51.154392,-0.169468,0.0380939940015369
1713129048,2024-04-14T21:10:48Z,WUK738,0,3,25,51.154335,-0.169249,0.04389870546852034
1713129055,2024-04-14T21:10:55Z,WUK738,0,5,50,51.154381,-0.169048,0.044984042978521585
1713129061,2024-04-14T21:11:01Z,WUK738,0,6,64,51.154415,-0.168819,0.04867702712762275
1713129066,2024-04-14T21:11:06Z,WUK738,0,6,73,51.154449,-0.168581,0.0538589725572683
1713129070,2024-04-14T21:11:10Z,WUK738,0,7,75,51.154472,-0.168377,0.05928251879772331
1713129074,2024-04-14T21:11:14Z,WUK738,0,8,78,51.154507,-0.168171,0.06491924287040678
1713129079,2024-04-14T21:11:19Z,WUK738,0,9,78,51.154541,-0.167857,0.07479480976441572
1713129083,2024-04-14T21:11:23Z,WUK738,0,9,92,51.154533,-0.16758,0.08471115579807278
1713129087,2024-04-14T21:11:27Z,WUK738,0,9,112,51.154449,-0.16737,0.09388182001294444
1713129094,2024-04-14T21:11:34Z,WUK738,0,6,149,51.154221,-0.167189,0.10566221198186454
1713129103,2024-04-14T21:11:43Z,WUK738,0,5,165,51.154007,-0.167141,0.11354155411817649
1713129115,2024-04-14T21:11:55Z,WUK738,0,5,168,51.15374,-0.16704,0.12580218315047
1713129124,2024-04-14T21:12:04Z,WUK738,0,5,165,51.153511,-0.166948,0.13717662359555122
1713129133,2024-04-14T21:12:13Z,WUK738,0,5,160,51.153294,-0.166818,0.14956616532028572
1713129142,2024-04-14T21:12:22Z,WUK738,0,5,165,51.153088,-0.166721,0.16086367778839916
1713129156,2024-04-14T21:12:36Z,WUK738,0,2,168,51.152882,-0.166669,0.1712527104944301
1713129180,2024-04-14T21:13:00Z,WUK738,0,2,168,51.152657,-0.166588,0.18348584976793905
1713129333,2024-04-14T21:15:33Z,WUK738,0,5,168,51.152378,-0.166492,0.19884789116581186
1713129340,2024-04-14T21:15:40Z,WUK738,0,7,168,51.152168,-0.166416,0.21067410800132585
1713129347,2024-04-14T21:15:47Z,WUK738,0,7,168,51.151932,-0.166335,0.22401609670139375
1713129354,2024-04-14T21:15:54Z,WUK738,0,7,171,51.151714,-0.16628,0.23605326108291091
1713129360,2024-04-14T21:16:00Z,WUK738,0,9,188,51.151493,-0.16634,0.24611485910769682
1713129365,2024-04-14T21:16:05Z,WUK738,0,9,225,51.151356,-0.166607,0.24834000688883442
1713129369,2024-04-14T21:16:09Z,WUK738,0,7,253,51.15136,-0.166855,0.24388723363069106
1713129378,2024-04-14T21:16:18Z,WUK738,0,2,258,51.151356,-0.167065,0.24074043036925302
1713129385,2024-04-14T21:16:25Z,WUK738,0,8,258,51.151321,-0.167294,0.23926376849374265
1713129389,2024-04-14T21:16:29Z,WUK738,0,15,258,51.151279,-0.167542,0.23825908951713104
1713129396,2024-04-14T21:16:36Z,WUK738,0,51,258,51.151028,-0.169411,0.23932367856642023
1713129402,2024-04-14T21:16:42Z,WUK738,0,80,258,51.150585,-0.172672,0.2883367928795144
1713129410,2024-04-14T21:16:50Z,WUK738,75,115,257,51.14978,-0.178379,0.4533337450664791
1713129420,2024-04-14T21:17:00Z,WUK738,50,143,257,51.148388,-0.188446,0.810347296803013
1713129429,2024-04-14T21:17:09Z,WUK738,225,165,258,51.147129,-0.198288,1.1761614831347071
1713129438,2024-04-14T21:17:18Z,WUK738,675,160,258,51.145687,-0.209045,1.5841221584755765
1713129447,2024-04-14T21:17:27Z,WUK738,1125,158,258,51.144333,-0.219578,1.9850142690438723
1713129456,2024-04-14T21:17:36Z,WUK738,1500,164,257,51.142941,-0.229721,2.373993528091306
1713129465,2024-04-14T21:17:45Z,WUK738,1750,174,257,51.141357,-0.241089,2.8110759871962707
1713129474,2024-04-14T21:17:54Z,WUK738,2000,181,257,51.13982,-0.252304,3.2422659106109153
1713129483,2024-04-14T21:18:03Z,WUK738,2325,186,257,51.138199,-0.264192,3.699522625776937
1713129492,2024-04-14T21:18:12Z,WUK738,2700,187,258,51.136459,-0.276959,4.190839164195132
1713129495,2024-04-14T21:18:15Z,WUK738,2825,188,262,51.136097,-0.280991,4.343081857835795
1713129498,2024-04-14T21:18:18Z,WUK738,2900,190,271,51.136002,-0.285348,4.503135005886198
1713129501,2024-04-14T21:18:21Z,WUK738,2975,190,278,51.136276,-0.289579,4.653455613859362
1713129504,2024-04-14T21:18:24Z,WUK738,3025,190,283,51.136795,-0.293274,4.78137369756924
1713129507,2024-04-14T21:18:27Z,WUK738,3125,190,291,51.137741,-0.297373,4.919467567067332
1713129509,2024-04-14T21:18:29Z,WUK738,3150,190,296,51.138519,-0.299823,5.000213262918075
1713129513,2024-04-14T21:18:33Z,WUK738,3250,191,306,51.140488,-0.304499,5.15153752413645
1713129514,2024-04-14T21:18:34Z,WUK738,3275,193,309,51.1408,-0.305023,5.167847315732533
1713129518,2024-04-14T21:18:38Z,WUK738,3375,196,318,51.143188,-0.308805,5.287106460926729
1713129520,2024-04-14T21:18:40Z,WUK738,3425,198,321,51.145126,-0.311203,5.362386916597675
1713129524,2024-04-14T21:18:44Z,WUK738,3525,200,328,51.147923,-0.313721,5.440782314385002
1713129527,2024-04-14T21:18:47Z,WUK738,3600,204,340,51.150482,-0.315399,5.493892007278611
1713129530,2024-04-14T21:18:50Z,WUK738,3650,207,344,51.152901,-0.316467,5.5286877870374855
1713129533,2024-04-14T21:18:53Z,WUK738,3700,211,354,51.154205,-0.316849,5.541755795368039
1713129537,2024-04-14T21:18:57Z,WUK738,3850,215,2,51.16021,-0.317307,5.567192284876334
1713129539,2024-04-14T21:18:59Z,WUK738,3900,218,9,51.16254,-0.316925,5.562310270867523
1713129543,2024-04-14T21:19:03Z,WUK738,4000,220,13,51.165985,-0.315628,5.5342315326775005
1713129546,2024-04-14T21:19:06Z,WUK738,4075,224,22,51.168777,-0.313927,5.4931935620271615
1713129548,2024-04-14T21:19:08Z,WUK738,4125,226,27,51.171429,-0.31189,5.443798784963178
1713129552,2024-04-14T21:19:12Z,WUK738,4225,227,33,51.174271,-0.308953,5.3690731373554135
1713129554,2024-04-14T21:19:14Z,WUK738,4300,228,36,51.176506,-0.30632,5.3032385726351405
1713129558,2024-04-14T21:19:18Z,WUK738,4400,228,41,51.179123,-0.302644,5.210426518794353
1713129560,2024-04-14T21:19:20Z,WUK738,4475,230,43,51.181252,-0.299454,5.132843308136598
1713129563,2024-04-14T21:19:23Z,WUK738,4550,229,46,51.183426,-0.295814,5.045124801357083
1713129566,2024-04-14T21:19:26Z,WUK738,4625,230,49,51.18544,-0.292103,4.957063719355873
1713129569,2024-04-14T21:19:29Z,WUK738,4675,231,52,51.187317,-0.288243,4.866010086142634
1713129573,2024-04-14T21:19:33Z,WUK738,4725,232,54,51.189468,-0.283492,4.757159538681324
1713129575,2024-04-14T21:19:35Z,WUK738,4750,233,57,51.191074,-0.279617,4.670094420529391
1713129578,2024-04-14T21:19:38Z,WUK738,4775,233,59,51.192764,-0.275178,4.572088622867223
1713129582,2024-04-14T21:19:42Z,WUK738,4800,233,62,51.194473,-0.270081,4.460082825368315
1713129584,2024-04-14T21:19:44Z,WUK738,4800,234,64,51.195637,-0.26619,4.375228715335858
1713129588,2024-04-14T21:19:48Z,WUK738,4825,234,66,51.197174,-0.260773,4.261607038402062
1713129590,2024-04-14T21:19:50Z,WUK738,4825,235,68,51.198349,-0.256174,4.167281614940082
1713129594,2024-04-14T21:19:54Z,WUK738,4825,236,70,51.199493,-0.251052,4.063278430505266
1713129597,2024-04-14T21:19:57Z,WUK738,4825,235,72,51.2005,-0.246376,3.9736261915037088
1713129599,2024-04-14T21:19:59Z,WUK738,4825,236,73,51.201408,-0.241394,3.878537784369112
1713129603,2024-04-14T21:20:03Z,WUK738,4825,237,74,51.202377,-0.235983,3.783212085013871
1713129605,2024-04-14T21:20:05Z,WUK738,4825,237,75,51.203064,-0.231604,3.708592150313677
1713129608,2024-04-14T21:20:08Z,WUK738,4825,237,76,51.203876,-0.226059,3.620527540379308
1713129611,2024-04-14T21:20:11Z,WUK738,4850,237,77,51.20462,-0.220766,3.5449573962060525
1713129614,2024-04-14T21:20:14Z,WUK738,4850,238,78,51.205273,-0.215607,3.477502143575158
1713129617,2024-04-14T21:20:17Z,WUK738,4850,238,79,51.205784,-0.211411,3.4290332632009117
1713129620,2024-04-14T21:20:20Z,WUK738,4850,240,79,51.206406,-0.206142,3.3769738655027117
1713129623,2024-04-14T21:20:23Z,WUK738,4850,244,80,51.206951,-0.201035,3.3341545037485205
1713129626,2024-04-14T21:20:26Z,WUK738,4850,248,80,51.207642,-0.194562,3.2957116645861184
1713129630,2024-04-14T21:20:30Z,WUK738,4825,252,80,51.208237,-0.188995,3.2772706188323273
1713129632,2024-04-14T21:20:32Z,WUK738,4825,255,80,51.208717,-0.184326,3.271260910583188
1713129636,2024-04-14T21:20:36Z,WUK738,4850,259,80,51.209381,-0.177563,3.2778572190679696
1713129645,2024-04-14T21:20:45Z,WUK738,5025,273,80,51.211094,-0.161285,3.382160087965745
1713129660,2024-04-14T21:21:00Z,WUK738,5275,285,79,51.214554,-0.129683,3.879262942477369
1713129675,2024-04-14T21:21:15Z,WUK738,5525,288,79,51.218307,-0.09819,4.656641209341478
1713129690,2024-04-14T21:21:30Z,WUK738,5875,289,77,51.222473,-0.067106,5.595596855920602
1713129704,2024-04-14T21:21:44Z,WUK738,6550,291,76,51.227013,-0.036545,6.617620879339484
1713129720,2024-04-14T21:22:00Z,WUK738,7175,299,76,51.231762,-0.003891,7.756165205204967
1713129735,2024-04-14T21:22:15Z,WUK738,7725,308,76,51.236755,0.029322,8.953201743979358
1713129749,2024-04-14T21:22:29Z,WUK738,8325,312,76,51.241653,0.060796,10.112475868575471
1713129764,2024-04-14T21:22:44Z,WUK738,9075,311,76,51.246891,0.094528,11.36851721771069
1713129779,2024-04-14T21:22:59Z,WUK738,9750,314,76,51.251907,0.127976,12.619153788176106
1713129794,2024-04-14T21:23:14Z,WUK738,10275,320,76,51.256668,0.160675,13.845478311209973
1713129806,2024-04-14T21:23:26Z,WUK738,10500,333,76,51.261063,0.19085,14.982373344375121
1713129821,2024-04-14T21:23:41Z,WUK738,10725,350,77,51.266163,0.226212,16.318333409626216
1713129837,2024-04-14T21:23:57Z,WUK738,11025,366,77,51.272003,0.26679,17.856143457492873
1713129850,2024-04-14T21:24:10Z,WUK738,11400,372,76,51.27713,0.301901,19.191848273582544
1713129864,2024-04-14T21:24:24Z,WUK738,11875,376,76,51.282551,0.337296,20.546370555811684
1713129877,2024-04-14T21:24:37Z,WUK738,12400,382,81,51.287201,0.375317,21.97796387200977
1713129910,2024-04-14T21:25:10Z,WUK738,13600,390,84,51.292931,0.467834,25.362285329039445
1713129940,2024-04-14T21:25:40Z,WUK738,14850,392,85,51.297634,0.554123,28.53094366349315
1713129973,2024-04-14T21:26:13Z,WUK738,15875,404,86,51.302444,0.651385,32.11499354007308
1713129990,2024-04-14T21:26:30Z,WUK738,16525,405,96,51.301758,0.704016,34.01104701680343
1713129993,2024-04-14T21:26:33Z,WUK738,16650,405,97,51.300983,0.713272,34.33565318951187
1713129994,2024-04-14T21:26:34Z,WUK738,16700,405,97,51.300751,0.716171,34.43758974111579
1713129998,2024-04-14T21:26:38Z,WUK738,16800,406,98,51.29982,0.726242,34.79026440338292
1713130001,2024-04-14T21:26:41Z,WUK738,16900,406,98,51.298985,0.735016,35.09770045721866
1713130004,2024-04-14T21:26:44Z,WUK738,17000,408,99,51.298054,0.744247,35.420929103316574
1713130007,2024-04-14T21:26:47Z,WUK738,17075,409,99,51.297073,0.754166,35.769129338803545
1713130040,2024-04-14T21:27:20Z,WUK738,17950,420,98,51.287476,0.853667,39.295746349212806
1713130070,2024-04-14T21:27:50Z,WUK738,18675,432,98,51.27887,0.947868,42.68151398954625
1713130104,2024-04-14T21:28:24Z,WUK738,19725,436,98,51.26947,1.051712,46.4497559861766
1713130136,2024-04-14T21:28:56Z,WUK738,20500,446,99,51.259087,1.155777,50.248163657758155
1713130167,2024-04-14T21:29:27Z,WUK738,21325,451,99,51.248287,1.25618,53.932533071988985
1713130199,2024-04-14T21:29:59Z,WUK738,22150,454,99,51.236893,1.360746,57.79119051692989
1713130232,2024-04-14T21:30:32Z,WUK738,23050,456,99,51.224808,1.470832,61.87361258000606
1713130265,2024-04-14T21:31:05Z,WUK738,23875,460,100,51.21207,1.581345,65.98794441517416
1713130295,2024-04-14T21:31:35Z,WUK738,24500,464,101,51.199642,1.681442,69.72673349273646
1713130328,2024-04-14T21:32:08Z,WUK738,25150,468,101,51.185257,1.79184,73.86411557860954
1713130361,2024-04-14T21:32:41Z,WUK738,25800,473,101,51.170654,1.904792,78.11159091778494
1713130395,2024-04-14T21:33:15Z,WUK738,26350,480,101,51.15564,2.020445,82.47347528649124
1713130428,2024-04-14T21:33:48Z,WUK738,27000,483,101,51.140442,2.13647,86.86093843281587
1713130458,2024-04-14T21:34:18Z,WUK738,27525,487,101,51.126984,2.239132,90.7515520538816
1713130492,2024-04-14T21:34:52Z,WUK738,28050,492,101,51.111191,2.358646,95.28998946609607
1713130525,2024-04-14T21:35:25Z,WUK738,28525,498,101,51.095505,2.477036,99.79435665388667
1713130556,2024-04-14T21:35:56Z,WUK738,28925,504,102,51.081024,2.58461,103.89463125541333
1713130588,2024-04-14T21:36:28Z,WUK738,29375,510,102,51.064453,2.706451,108.54646084386711
1713130622,2024-04-14T21:37:02Z,WUK738,29775,518,102,51.0476,2.82959,113.25537623456492
1713130655,2024-04-14T21:37:35Z,WUK738,30150,525,102,51.030762,2.95213,117.94818545585427
1713130688,2024-04-14T21:38:08Z,WUK738,30775,526,102,51.013412,3.076988,122.73692426312168
1713130721,2024-04-14T21:38:41Z,WUK738,31450,524,102,50.996063,3.201253,127.50914987365081
1713130752,2024-04-14T21:39:12Z,WUK738,32225,518,102,50.979916,3.315277,131.89421041317354
1713130785,2024-04-14T21:39:45Z,WUK738,32850,516,102,50.962372,3.43731,136.59379683837855
1713130817,2024-04-14T21:40:17Z,WUK738,33500,514,102,50.945045,3.557663,141.23355792152205
1713130851,2024-04-14T21:40:51Z,WUK738,33950,515,102,50.927032,3.681564,146.01593585627674
1713130881,2024-04-14T21:41:21Z,WUK738,34350,518,102,50.910782,3.793252,150.33083876931065
1713130915,2024-04-14T21:41:55Z,WUK738,34825,518,103,50.892956,3.916016,155.07733433438506
1713130948,2024-04-14T21:42:28Z,WUK738,34975,526,103,50.874847,4.038467,159.81825489816694
1713130979,2024-04-14T21:42:59Z,WUK738,35000,535,103,50.857437,4.154434,164.3138460757931
1713131012,2024-04-14T21:43:32Z,WUK738,35000,540,103,50.838501,4.281179,169.23038368595775
1713131045,2024-04-14T21:44:05Z,WUK738,35000,539,103,50.819218,4.408264,174.16657413817057
1713131075,2024-04-14T21:44:35Z,WUK738,35000,540,103,50.801468,4.524363,178.68061302208085
1713131109,2024-04-14T21:45:09Z,WUK738,35000,538,103,50.78215,4.648924,183.52967717210421
1713131142,2024-04-14T21:45:42Z,WUK738,35000,537,103,50.762238,4.777374,188.533796117749
1713131172,2024-04-14T21:46:12Z,WUK738,35025,534,103,50.744019,4.894335,193.09435939411296
1713131205,2024-04-14T21:46:45Z,WUK738,35000,533,103,50.724667,5.017776,197.91201867760523
1713131239,2024-04-14T21:47:19Z,WUK738,34950,534,104,50.704468,5.143977,202.84492609504915
1713131271,2024-04-14T21:47:51Z,WUK738,34950,536,104,50.685238,5.264587,207.5617308352339
1713131304,2024-04-14T21:48:24Z,WUK738,35000,534,104,50.665283,5.388794,212.42393747235568
1713131337,2024-04-14T21:48:57Z,WUK738,35000,535,104,50.644737,5.514394,217.34781013620884
1713131371,2024-04-14T21:49:31Z,WUK738,35000,536,104,50.623978,5.640886,222.31067630317725
1713131404,2024-04-14T21:50:04Z,WUK738,35000,536,104,50.603817,5.764259,227.1533253637221
1713131435,2024-04-14T21:50:35Z,WUK738,35025,536,104,50.584351,5.881372,231.75669692018064
1713131468,2024-04-14T21:51:08Z,WUK738,35000,538,104,50.563477,6.005546,236.64326220687943
1713131500,2024-04-14T21:51:40Z,WUK738,35000,539,104,50.542877,6.12748,241.44584080168002
1713131531,2024-04-14T21:52:11Z,WUK738,35000,540,104,50.522919,6.246306,246.1274186766837
1713131565,2024-04-14T21:52:45Z,WUK738,35000,541,105,50.501312,6.372738,251.11603062378975
1713131597,2024-04-14T21:53:17Z,WUK738,35025,542,104,50.47998,6.497112,256.02736183156725
1713131631,2024-04-14T21:53:51Z,WUK738,35050,541,105,50.458344,6.622752,260.99272319607417
1713131662,2024-04-14T21:54:22Z,WUK738,35025,540,105,50.4375,6.741486,265.6928207165192
1713131696,2024-04-14T21:54:56Z,WUK738,35025,539,105,50.415421,6.867494,270.6832813455468
1713131728,2024-04-14T21:55:28Z,WUK738,35000,540,105,50.393776,6.990422,275.55596951015434
1713131761,2024-04-14T21:56:01Z,WUK738,35000,540,105,50.372173,7.112608,280.40316671754016
1713131794,2024-04-14T21:56:34Z,WUK738,35000,540,105,50.349735,7.237763,285.3750481073564
1713131827,2024-04-14T21:57:07Z,WUK738,35000,540,105,50.327297,7.361285,290.28879548867945
1713131857,2024-04-14T21:57:37Z,WUK738,35000,540,105,50.306721,7.474266,294.78644326988086
1713131891,2024-04-14T21:58:11Z,WUK738,35000,540,105,50.283772,7.599495,299.77637773751314
1713131921,2024-04-14T21:58:41Z,WUK738,34975,540,105,50.264099,7.706982,304.0613446605689
1713131955,2024-04-14T21:59:15Z,WUK738,35000,541,106,50.23938,7.84048,309.39011714861704
1713131985,2024-04-14T21:59:45Z,WUK738,35000,540,106,50.218048,7.954535,313.94837146897004
1713132018,2024-04-14T22:00:18Z,WUK738,35000,538,107,50.195068,8.074951,318.76992893617
1713132051,2024-04-14T22:00:51Z,WUK738,35050,532,110,50.167603,8.193994,323.6069543827808
1713132082,2024-04-14T22:01:22Z,WUK738,35050,532,110,50.140625,8.307297,328.2267471050029
1713132116,2024-04-14T22:01:56Z,WUK738,35025,531,109,50.113018,8.427256,333.1082816072211
1713132149,2024-04-14T22:02:29Z,WUK738,35000,530,109,50.0858,8.546568,337.96394047682503
1713132180,2024-04-14T22:03:00Z,WUK738,34975,531,109,50.06044,8.657299,342.4753058236851
1713132211,2024-04-14T22:03:31Z,WUK738,34950,531,109,50.034996,8.767461,346.9699876936793
1713132241,2024-04-14T22:04:01Z,WUK738,34975,532,110,50.0093,8.877398,351.4633824088243
1713132275,2024-04-14T22:04:35Z,WUK738,35000,531,110,49.981293,8.996646,356.34312798497297
1713132308,2024-04-14T22:05:08Z,WUK738,35025,529,110,49.953484,9.114273,361.16314826549154
1713132341,2024-04-14T22:05:41Z,WUK738,35025,528,110,49.925125,9.233936,366.0714988790939
1713132371,2024-04-14T22:06:11Z,WUK738,35025,527,110,49.899994,9.339825,370.4186196104885
1713132404,2024-04-14T22:06:44Z,WUK738,35025,524,110,49.87188,9.457447,375.2540608080368
1713132437,2024-04-14T22:07:17Z,WUK738,34975,526,110,49.844238,9.571911,379.96775502270583
1713132468,2024-04-14T22:07:48Z,WUK738,34975,525,110,49.818237,9.679461,384.40035971671017
1713132501,2024-04-14T22:08:21Z,WUK738,34975,524,110,49.790039,9.795974,389.20628158654404
1713132534,2024-04-14T22:08:54Z,WUK738,34975,525,110,49.761612,9.912342,394.0141229411931
1713132564,2024-04-14T22:09:24Z,WUK738,34975,525,110,49.735806,10.016859,398.3399355550581
1713132597,2024-04-14T22:09:57Z,WUK738,35025,524,110,49.707001,10.133369,403.16614911571224
1713132631,2024-04-14T22:10:31Z,WUK738,35025,525,110,49.677979,10.250317,408.01591305450995
1713132664,2024-04-14T22:11:04Z,WUK738,35000,526,111,49.649414,10.365094,412.78049356919473
1713132694,2024-04-14T22:11:34Z,WUK738,35025,526,111,49.622589,10.472283,417.235713707292
1713132728,2024-04-14T22:12:08Z,WUK738,35025,524,111,49.592983,10.589559,422.11805708987197
1713132759,2024-04-14T22:12:39Z,WUK738,35025,522,112,49.56601,10.694974,426.5160101527997
1713132791,2024-04-14T22:13:11Z,WUK738,35000,520,114,49.53442,10.802901,431.09238098930945
1713132824,2024-04-14T22:13:44Z,WUK738,35025,520,114,49.500717,10.915362,435.87951795064373
1713132855,2024-04-14T22:14:15Z,WUK738,35000,520,114,49.470413,11.018396,440.25910804914406
1713132886,2024-04-14T22:14:46Z,WUK738,35000,520,114,49.440445,11.120838,444.61425718202054
1713132917,2024-04-14T22:15:17Z,WUK738,35000,520,114,49.40873,11.228967,449.21657919623124
1713132950,2024-04-14T22:15:50Z,WUK738,34975,520,114,49.376129,11.339581,453.93165892826204
1713132983,2024-04-14T22:16:23Z,WUK738,35000,519,114,49.344223,11.447261,458.5287903049206
1713133016,2024-04-14T22:16:56Z,WUK738,35025,519,114,49.310879,11.559135,463.31276814727437
1713133047,2024-04-14T22:17:27Z,WUK738,35025,518,114,49.280502,11.660438,467.65180931685114
1713133080,2024-04-14T22:18:00Z,WUK738,35000,518,114,49.247589,11.77002,472.35035474229295
1713133112,2024-04-14T22:18:32Z,WUK738,35000,518,114,49.214653,11.879184,477.03780209129076
1713133145,2024-04-14T22:19:05Z,WUK738,35000,517,114,49.1819,11.987703,481.7016889403653
1713133176,2024-04-14T22:19:36Z,WUK738,35000,516,114,49.150318,12.091466,486.16993871038966
1713133210,2024-04-14T22:20:10Z,WUK738,35000,515,115,49.116348,12.202078,490.9429897992464
1713133243,2024-04-14T22:20:43Z,WUK738,35000,515,115,49.083561,12.308807,495.5525218745475
1713133276,2024-04-14T22:21:16Z,WUK738,34975,517,115,49.049973,12.418001,500.27325208467346
1713133309,2024-04-14T22:21:49Z,WUK738,34975,518,115,49.016014,12.527522,505.0174356141463
1713133343,2024-04-14T22:22:23Z,WUK738,35025,516,115,48.981628,12.637658,509.7969856279798
1713133375,2024-04-14T22:22:55Z,WUK738,35000,516,115,48.948257,12.744493,514.4373996767204
1713133409,2024-04-14T22:23:29Z,WUK738,35025,516,115,48.913788,12.854582,519.2246926434709
1713133440,2024-04-14T22:24:00Z,WUK738,35000,514,115,48.88176,12.956134,523.6489862958099
1713133474,2024-04-14T22:24:34Z,WUK738,35000,513,115,48.847309,13.064768,528.3894417957341
1713133507,2024-04-14T22:25:07Z,WUK738,35000,513,115,48.813374,13.171812,533.0640109183626
1713133537,2024-04-14T22:25:37Z,WUK738,35000,512,115,48.781719,13.270906,537.3997155936019
1713133570,2024-04-14T22:26:10Z,WUK738,35025,511,115,48.74778,13.376577,542.0305338267005
1713133604,2024-04-14T22:26:44Z,WUK738,35025,510,116,48.713287,13.483746,546.7322265613308
1713133637,2024-04-14T22:27:17Z,WUK738,35000,510,116,48.679092,13.589524,551.3797007669099
1713133670,2024-04-14T22:27:50Z,WUK738,34975,512,116,48.644573,13.696048,556.0653530062566
1713133701,2024-04-14T22:28:21Z,WUK738,34975,512,116,48.612442,13.794744,560.4131122490155
1713133734,2024-04-14T22:28:54Z,WUK738,34975,513,116,48.577835,13.899959,565.0591396398253
1713133767,2024-04-14T22:29:27Z,WUK738,35000,514,116,48.542267,14.00778,569.8262175635396
1713133800,2024-04-14T22:30:00Z,WUK738,35025,515,116,48.507477,14.113457,574.5005826549452
1713133832,2024-04-14T22:30:32Z,WUK738,35025,516,116,48.473682,14.215658,579.0278549968912
1713133866,2024-04-14T22:31:06Z,WUK738,35025,516,116,48.437439,14.324553,583.8604964817488
1713133899,2024-04-14T22:31:39Z,WUK738,35025,516,116,48.402008,14.430471,588.5686287333994
1713133933,2024-04-14T22:32:13Z,WUK738,35025,516,116,48.365681,14.538815,593.3901911149909
1713133966,2024-04-14T22:32:46Z,WUK738,35025,515,116,48.329788,14.645209,598.1335470069557
1713133996,2024-04-14T22:33:16Z,WUK738,35000,516,116,48.297455,14.740976,602.4067726007452
1713134030,2024-04-14T22:33:50Z,WUK738,35000,515,116,48.26173,14.846433,607.1184681712783
1713134063,2024-04-14T22:34:23Z,WUK738,35000,514,117,48.225449,14.952744,611.8779630631991
1713134094,2024-04-14T22:34:54Z,WUK738,35000,514,117,48.194183,15.043804,615.9618868301703
1713134125,2024-04-14T22:35:25Z,WUK738,34975,514,117,48.158432,15.147881,620.6332077672918
1713134158,2024-04-14T22:35:58Z,WUK738,35000,514,117,48.122353,15.252404,625.3320481680929
1713134188,2024-04-14T22:36:28Z,WUK738,35025,514,117,48.090546,15.344124,629.4616107177495
1713134221,2024-04-14T22:37:01Z,WUK738,35025,512,117,48.053268,15.451355,634.2950753405823
1713134255,2024-04-14T22:37:35Z,WUK738,35025,512,117,48.016632,15.556148,639.0269905947235
1713134288,2024-04-14T22:38:08Z,WUK738,35000,511,117,47.979858,15.661148,643.7733017725117
1713134319,2024-04-14T22:38:39Z,WUK738,34975,511,117,47.947083,15.754532,647.9991053335407
1713134352,2024-04-14T22:39:12Z,WUK738,35000,509,117,47.910446,15.858342,652.7047523696502
1713134385,2024-04-14T22:39:45Z,WUK738,34975,510,117,47.874134,15.96074,657.3538734249754
1713134416,2024-04-14T22:40:16Z,WUK738,35000,510,118,47.839733,16.057011,661.734121151391
1713134447,2024-04-14T22:40:47Z,WUK738,35000,510,118,47.805542,16.152512,666.0838314280169
1713134478,2024-04-14T22:41:18Z,WUK738,35000,509,118,47.771393,16.248024,670.4358383785499
1713134511,2024-04-14T22:41:51Z,WUK738,35000,508,118,47.734451,16.35054,675.1171900500935
1713134544,2024-04-14T22:42:24Z,WUK738,35000,510,118,47.697609,16.452309,679.7718583333326
1713134574,2024-04-14T22:42:54Z,WUK738,34975,510,118,47.66423,16.544312,683.984465326625
1713134608,2024-04-14T22:43:28Z,WUK738,35000,512,118,47.626572,16.64802,688.7370352695054
1713134639,2024-04-14T22:43:59Z,WUK738,35000,511,118,47.591797,16.743376,693.1135500461452
1713134670,2024-04-14T22:44:30Z,WUK738,35025,510,118,47.557068,16.837955,697.4631166275466
1713134701,2024-04-14T22:45:01Z,WUK738,35025,510,118,47.522293,16.932255,701.8063763126805
1713134732,2024-04-14T22:45:32Z,WUK738,35000,509,118,47.487194,17.02754,706.1969071873152
1713134765,2024-04-14T22:46:05Z,WUK738,35000,509,118,47.449814,17.128166,710.8445016901507
1713134796,2024-04-14T22:46:36Z,WUK738,35000,509,118,47.415085,17.221493,715.1593858109641
1713134826,2024-04-14T22:47:06Z,WUK738,35000,510,118,47.380051,17.315483,719.5091928276835
1713134857,2024-04-14T22:47:37Z,WUK738,35000,510,118,47.344791,17.409597,723.8720914936961
1713134891,2024-04-14T22:48:11Z,WUK738,35000,509,118,47.306385,17.512066,728.625912982198
1713134922,2024-04-14T22:48:42Z,WUK738,35000,510,119,47.271378,17.604698,732.933561022543
1713134953,2024-04-14T22:49:13Z,WUK738,35025,510,119,47.235901,17.698219,737.288757454884
1713134986,2024-04-14T22:49:46Z,WUK738,35025,508,119,47.198196,17.797359,741.911154598475
1713135019,2024-04-14T22:50:19Z,WUK738,35025,507,119,47.160488,17.896236,746.5270669001297
1713135051,2024-04-14T22:50:51Z,WUK738,35000,508,119,47.12265,17.995056,751.147352141998
1713135085,2024-04-14T22:51:25Z,WUK738,35000,508,119,47.084244,18.094963,755.8255634436197
1713135115,2024-04-14T22:51:55Z,WUK738,35000,508,119,47.049042,18.18615,760.1020923345961
1713135148,2024-04-14T22:52:28Z,WUK738,35000,506,119,47.011047,18.284477,764.7174162554556
1713135179,2024-04-14T22:52:59Z,WUK738,35000,506,119,46.975388,18.376144,769.0291240524413
1713135213,2024-04-14T22:53:33Z,WUK738,35000,505,119,46.936432,18.475904,773.7284736512682
1713135243,2024-04-14T22:54:03Z,WUK738,35000,506,119,46.901333,18.565556,777.9567753442284
1713135277,2024-04-14T22:54:37Z,WUK738,35000,506,119,46.86264,18.664097,782.610302310231
1713135310,2024-04-14T22:55:10Z,WUK738,35000,506,119,46.82341,18.763643,787.3182299569138
1713135341,2024-04-14T22:55:41Z,WUK738,35000,504,119,46.788071,18.853088,791.5535414698926
1713135374,2024-04-14T22:56:14Z,WUK738,35025,502,120,46.749481,18.950317,796.1650312742922
1713135405,2024-04-14T22:56:45Z,WUK738,35000,502,120,46.712677,19.042656,800.5515538755443
1713135437,2024-04-14T22:57:17Z,WUK738,35000,502,120,46.676239,19.133963,804.8929718122844
1713135470,2024-04-14T22:57:50Z,WUK738,35000,502,120,46.636642,19.232975,809.6060355368132
1713135500,2024-04-14T22:58:20Z,WUK738,34975,502,120,46.601669,19.319994,813.7554698150474
1713135534,2024-04-14T22:58:54Z,WUK738,35000,502,120,46.565002,19.410698,818.0889868811723
1713135566,2024-04-14T22:59:26Z,WUK738,35000,501,120,46.526028,19.506775,822.6857807811043
1713135599,2024-04-14T22:59:59Z,WUK738,35025,501,120,46.485947,19.60537,827.4084900600001
1713135632,2024-04-14T23:00:32Z,WUK738,35000,500,120,46.446609,19.701782,832.033622801211
1713135666,2024-04-14T23:01:06Z,WUK738,35000,500,120,46.407486,19.797163,836.6178987402506
1713135695,2024-04-14T23:01:35Z,WUK738,35000,499,120,46.372238,19.88331,840.7584984935216
1713135729,2024-04-14T23:02:09Z,WUK738,35000,499,120,46.333054,19.978437,845.3407090655096
1713135762,2024-04-14T23:02:42Z,WUK738,35000,499,120,46.293781,20.073669,849.9321787395533
1713135792,2024-04-14T23:03:12Z,WUK738,35000,500,120,46.25761,20.160805,854.1424446492307
1713135826,2024-04-14T23:03:46Z,WUK738,35000,500,121,46.218506,20.254669,858.6844581113654
1713135857,2024-04-14T23:04:17Z,WUK738,35000,494,129,46.178425,20.340019,862.9432537638456
1713135863,2024-04-14T23:04:23Z,WUK738,35000,493,131,46.169037,20.355589,863.7785060346488
1713135866,2024-04-14T23:04:26Z,WUK738,35000,493,131,46.164597,20.362747,864.1660251411515
1713135869,2024-04-14T23:04:29Z,WUK738,35000,493,131,46.159615,20.370712,864.5984400652328
1713135900,2024-04-14T23:05:00Z,WUK738,35000,494,130,46.112823,20.447365,868.730118394525
1713135930,2024-04-14T23:05:30Z,WUK738,35025,493,130,46.068001,20.522667,872.761039315004
1713135964,2024-04-14T23:06:04Z,WUK738,35000,494,130,46.017864,20.606506,877.2602831575404
1713135997,2024-04-14T23:06:37Z,WUK738,35000,493,130,45.969311,20.687599,881.6185603673152
1713136028,2024-04-14T23:07:08Z,WUK738,35000,493,130,45.92308,20.764427,885.7584982854282
1713136060,2024-04-14T23:07:40Z,WUK738,35000,492,130,45.874237,20.845219,890.1230257967986
1713136094,2024-04-14T23:08:14Z,WUK738,35000,492,130,45.824524,20.92708,894.5564407759111
1713136125,2024-04-14T23:08:45Z,WUK738,35000,492,130,45.777283,21.004654,898.7658502747166
1713136159,2024-04-14T23:09:19Z,WUK738,35000,492,130,45.72747,21.086403,903.2072600365558
1713136192,2024-04-14T23:09:52Z,WUK738,35000,491,131,45.677242,21.168457,907.676605144303
1713136222,2024-04-14T23:10:22Z,WUK738,35000,491,131,45.632446,21.241596,911.6650786841416
1713136256,2024-04-14T23:10:56Z,WUK738,35000,492,131,45.582184,21.323324,916.1323486386318
1713136289,2024-04-14T23:11:29Z,WUK738,35000,492,131,45.533798,21.40189,920.4331806207963
1713136319,2024-04-14T23:11:59Z,WUK738,35000,492,131,45.487122,21.477333,924.5733607481694
1713136353,2024-04-14T23:12:33Z,WUK738,35000,491,131,45.436615,21.558641,929.0458028821355
1713136386,2024-04-14T23:13:06Z,WUK738,35025,491,131,45.386662,21.638912,933.468375309521
1713136416,2024-04-14T23:13:36Z,WUK738,35025,492,131,45.341263,21.711666,937.4843227618233
1713136450,2024-04-14T23:14:10Z,WUK738,35000,491,131,45.289764,21.793997,942.0370053953654
1713136481,2024-04-14T23:14:41Z,WUK738,35025,492,131,45.243988,21.866781,946.0730915174934
1713136514,2024-04-14T23:15:14Z,WUK738,34975,492,131,45.194275,21.946106,950.4707345794832
1713136545,2024-04-14T23:15:45Z,WUK738,35000,492,131,45.147198,22.020687,954.6194303351049
1713136578,2024-04-14T23:16:18Z,WUK738,35000,492,131,45.096909,22.099915,959.0392160597344
1713136611,2024-04-14T23:16:51Z,WUK738,35000,494,131,45.045776,22.180613,963.5427265026875
1713136645,2024-04-14T23:17:25Z,WUK738,35000,492,131,44.99588,22.259216,967.9363130367032
1713136678,2024-04-14T23:17:58Z,WUK738,35000,492,131,44.944977,22.339128,972.4127125477507
1713136711,2024-04-14T23:18:31Z,WUK738,35025,493,132,44.893524,22.419565,976.9294686614506
1713136744,2024-04-14T23:19:04Z,WUK738,35000,493,132,44.842987,22.498301,981.3602208762169
1713136778,2024-04-14T23:19:38Z,WUK738,35000,493,132,44.792038,22.577427,985.8221097731149
1713136810,2024-04-14T23:20:10Z,WUK738,35000,494,132,44.742752,22.653809,990.1364704543986
1713136844,2024-04-14T23:20:44Z,WUK738,35000,493,132,44.69136,22.733124,994.6272576315151
1713136877,2024-04-14T23:21:17Z,WUK738,35000,493,132,44.639465,22.813046,999.1600934792073
1713136911,2024-04-14T23:21:51Z,WUK738,35000,493,132,44.588333,22.891323,1003.613293129586
1713136942,2024-04-14T23:22:22Z,WUK738,35000,492,132,44.541046,22.963846,1007.7401148542682
1713136975,2024-04-14T23:22:55Z,WUK738,35000,491,132,44.490067,23.041948,1012.1900094590096
1713137008,2024-04-14T23:23:28Z,WUK738,35000,491,132,44.43914,23.119522,1016.6230171192947
1713137038,2024-04-14T23:23:58Z,WUK738,35000,492,132,44.392353,23.190397,1020.6848347089347
1713137072,2024-04-14T23:24:32Z,WUK738,35000,492,132,44.341099,23.267904,1025.1333768682036
1713137104,2024-04-14T23:25:04Z,WUK738,35000,491,132,44.290237,23.344967,1029.557262754208
1713137138,2024-04-14T23:25:38Z,WUK738,35000,491,132,44.237961,23.423702,1034.0910333170357
1713137172,2024-04-14T23:26:12Z,WUK738,35000,492,132,44.186783,23.500778,1038.5333402164365
1713137202,2024-04-14T23:26:42Z,WUK738,35000,492,132,44.139481,23.571821,1042.635527417558
1713137236,2024-04-14T23:27:16Z,WUK738,35000,492,132,44.087761,23.649052,1047.1083197801966
1713137269,2024-04-14T23:27:49Z,WUK738,35000,493,132,44.036602,23.725302,1051.531224038291
1713137299,2024-04-14T23:28:19Z,WUK738,35000,492,133,43.9888,23.796324,1055.6591550665166
1713137333,2024-04-14T23:28:53Z,WUK738,35000,493,133,43.937119,23.872768,1060.1133335840123
1713137366,2024-04-14T23:29:26Z,WUK738,35025,494,133,43.885262,23.949476,1064.5866606856748
1713137396,2024-04-14T23:29:56Z,WUK738,35000,493,133,43.837963,24.019382,1068.667961853552
1713137429,2024-04-14T23:30:29Z,WUK738,35000,492,133,43.786289,24.095371,1073.1164330089825
1713137462,2024-04-14T23:31:02Z,WUK738,35000,493,133,43.734833,24.170944,1077.5463852559578
1713137493,2024-04-14T23:31:33Z,WUK738,35000,494,133,43.686481,24.241856,1081.7087488792135
1713137525,2024-04-14T23:32:05Z,WUK738,35000,492,136,43.636021,24.31196,1085.9141547170266
1713137556,2024-04-14T23:32:36Z,WUK738,35000,491,136,43.584824,24.378216,1090.0074103253417
1713137586,2024-04-14T23:33:06Z,WUK738,35000,492,136,43.534332,24.444324,1094.0757290066347
1713137620,2024-04-14T23:33:40Z,WUK738,35025,490,135,43.479649,24.51671,1098.5145035733092
1713137650,2024-04-14T23:34:10Z,WUK738,35000,490,135,43.429871,24.582676,1102.561372239509
1713137684,2024-04-14T23:34:44Z,WUK738,35000,489,136,43.376038,24.653767,1106.932693711247
1713137714,2024-04-14T23:35:14Z,WUK738,35000,488,136,43.326912,24.718388,1110.9160176259013
1713137748,2024-04-14T23:35:48Z,WUK738,35000,488,136,43.271515,24.790976,1115.401496076636
1713137781,2024-04-14T23:36:21Z,WUK738,34975,488,136,43.217377,24.861805,1119.7850510955004
1713137811,2024-04-14T23:36:51Z,WUK738,34975,488,136,43.167706,24.92667,1123.8060043934859
1713137845,2024-04-14T23:37:25Z,WUK738,34975,489,136,43.113098,24.99782,1128.2245019500042
1713137876,2024-04-14T23:37:56Z,WUK738,35000,489,136,43.062424,25.063711,1132.3233605262458
1713137909,2024-04-14T23:38:29Z,WUK738,35000,490,136,43.007191,25.13541,1136.7904482615945
1713137943,2024-04-14T23:39:03Z,WUK738,35000,490,136,42.952515,25.206341,1141.2147536114187
1713137973,2024-04-14T23:39:33Z,WUK738,35000,490,136,42.902496,25.270975,1145.2563267203957
1713138006,2024-04-14T23:40:06Z,WUK738,35000,490,136,42.849102,25.339834,1149.5691976221174
1713138036,2024-04-14T23:40:36Z,WUK738,35000,490,136,42.79985,25.403074,1153.5406605055887
1713138069,2024-04-14T23:41:09Z,WUK738,35025,490,136,42.743938,25.474739,1158.0482837899642
1713138103,2024-04-14T23:41:43Z,WUK738,35025,489,136,42.688339,25.545773,1162.5262330719531
1713138136,2024-04-14T23:42:16Z,WUK738,35000,490,136,42.633499,25.615747,1166.9435517708114
1713138169,2024-04-14T23:42:49Z,WUK738,34900,486,136,42.580353,25.683479,1171.2250506366643
1713138200,2024-04-14T23:43:20Z,WUK738,34675,484,136,42.529449,25.74802,1175.3171008275488
1713138233,2024-04-14T23:43:53Z,WUK738,34400,486,136,42.476898,25.814562,1179.5417086247976
1713138265,2024-04-14T23:44:25Z,WUK738,34150,486,136,42.423157,25.882603,1183.8651586319043
1713138298,2024-04-14T23:44:58Z,WUK738,33925,486,137,42.368774,25.95108,1188.2301599008758
1713138331,2024-04-14T23:45:31Z,WUK738,33650,486,136,42.313797,26.020351,1192.6480981917855
1713138364,2024-04-14T23:46:04Z,WUK738,33400,488,129,42.264084,26.093903,1197.0407957364553
1713138394,2024-04-14T23:46:34Z,WUK738,33150,489,123,42.224075,26.167997,1201.116872607177
1713138428,2024-04-14T23:47:08Z,WUK738,32325,486,118,42.186104,26.255024,1205.59117145236
1713138459,2024-04-14T23:47:39Z,WUK738,31000,482,119,42.152073,26.336529,1209.7294703880973
1713138490,2024-04-14T23:48:10Z,WUK738,29850,473,119,42.118744,26.415796,1213.7635387986668
1713138523,2024-04-14T23:48:43Z,WUK738,28575,465,119,42.082756,26.501068,1218.1093152212422
1713138554,2024-04-14T23:49:14Z,WUK738,27400,456,119,42.050358,26.578163,1222.0347398344566
1713138584,2024-04-14T23:49:44Z,WUK738,26150,454,119,42.018906,26.653082,1225.8493923824685
1713138618,2024-04-14T23:50:18Z,WUK738,24950,445,119,41.984486,26.733889,1229.9825193419576
1713138648,2024-04-14T23:50:48Z,WUK738,24000,435,120,41.9534,26.806578,1233.7059076619666
1713138682,2024-04-14T23:51:22Z,WUK738,22950,424,121,41.9188,26.882332,1237.664963224749
1713138714,2024-04-14T23:51:54Z,WUK738,21800,417,121,41.885193,26.955269,1241.4883590672816
1713138733,2024-04-14T23:52:13Z,WUK738,21200,412,111,41.869583,26.997215,1243.5567568400404
1713138736,2024-04-14T23:52:16Z,WUK738,21175,411,109,41.867889,27.003458,1243.8424580161686
1713138739,2024-04-14T23:52:19Z,WUK738,21100,410,107,41.865738,27.012447,1244.2436836804277
1713138742,2024-04-14T23:52:22Z,WUK738,21100,410,106,41.864895,27.016083,1244.405026513833
1713138745,2024-04-14T23:52:25Z,WUK738,21050,410,106,41.862625,27.026367,1244.857347004953
1713138748,2024-04-14T23:52:28Z,WUK738,21025,409,106,41.860748,27.034735,1245.2264604617376
1713138751,2024-04-14T23:52:31Z,WUK738,21025,409,106,41.859192,27.041847,1245.5387951088098
1713138781,2024-04-14T23:53:01Z,WUK738,21000,408,107,41.842407,27.11496,1248.7778420285929
1713138815,2024-04-14T23:53:35Z,WUK738,20975,408,107,41.823555,27.194675,1252.3295785407674
1713138848,2024-04-14T23:54:08Z,WUK738,20225,399,107,41.80484,27.273878,1255.8587488564165
1713138880,2024-04-14T23:54:40Z,WUK738,19250,390,107,41.787415,27.347717,1259.1488354278813
1713138912,2024-04-14T23:55:12Z,WUK738,18300,380,107,41.770111,27.420689,1262.4039191414952
1713138945,2024-04-14T23:55:45Z,WUK738,17250,372,107,41.752983,27.493477,1265.6468047497683
1713138978,2024-04-14T23:56:18Z,WUK738,16075,370,107,41.735569,27.567381,1268.9409218401674
1713139009,2024-04-14T23:56:49Z,WUK738,15100,364,107,41.719711,27.634172,1271.9228157790385
1713139042,2024-04-14T23:57:22Z,WUK738,14150,355,105,41.703449,27.704327,1275.041590175319
1713139075,2024-04-14T23:57:55Z,WUK738,13050,351,101,41.691719,27.773949,1277.981917579375
1713139105,2024-04-14T23:58:25Z,WUK738,12150,346,102,41.681522,27.83795,1280.6647651154751
1713139138,2024-04-14T23:58:58Z,WUK738,11225,340,103,41.669701,27.907063,1283.591019642043
1713139154,2024-04-14T23:59:14Z,WUK738,10975,340,103,41.66423,27.937859,1284.9022987055241
1713139169,2024-04-14T23:59:29Z,WUK738,10725,339,103,41.658646,27.969007,1286.2304656185522
1713139184,2024-04-14T23:59:44Z,WUK738,10475,338,103,41.653221,27.999359,1287.5242346422983
1713139199,2024-04-14T23:59:59Z,WUK738,10225,329,103,41.647774,28.029253,1288.8022525157637
1713139214,2024-04-15T00:00:14Z,WUK738,10025,319,103,41.642303,28.059582,1290.0970359960022
1713139229,2024-04-15T00:00:29Z,WUK738,9850,308,103,41.637497,28.086922,1291.2598838214658
1713139241,2024-04-15T00:00:41Z,WUK738,9675,300,103,41.63353,28.109734,1292.22869957479
1713139256,2024-04-15T00:00:56Z,WUK738,9500,290,103,41.629013,28.13554,1293.3257814895342
1713139271,2024-04-15T00:01:11Z,WUK738,9300,282,103,41.624359,28.161919,1294.4486019326184
1713139287,2024-04-15T00:01:27Z,WUK738,9100,274,103,41.619797,28.187532,1295.5404199750951
1713139302,2024-04-15T00:01:42Z,WUK738,8900,270,103,41.615326,28.212252,1296.5966451401462
1713139317,2024-04-15T00:01:57Z,WUK738,8725,268,103,41.61095,28.236843,1297.6449109466537
1713139332,2024-04-15T00:02:12Z,WUK738,8525,267,103,41.606644,28.260706,1298.664311695331
1713139347,2024-04-15T00:02:27Z,WUK738,8325,266,103,41.602245,28.285004,1299.7028783176481
1713139362,2024-04-15T00:02:42Z,WUK738,8125,266,103,41.597855,28.309208,1300.7377819813817
1713139374,2024-04-15T00:02:54Z,WUK738,7950,266,103,41.594379,28.328438,1301.5596444525868
1713139390,2024-04-15T00:03:10Z,WUK738,7700,264,103,41.589954,28.352966,1302.6076971917257
1713139404,2024-04-15T00:03:24Z,WUK738,7475,265,103,41.585678,28.376375,1303.6098664345895
1713139420,2024-04-15T00:03:40Z,WUK738,7250,266,102,41.581375,28.400845,1304.6516600956943
1713139435,2024-04-15T00:03:55Z,WUK738,7025,264,103,41.577072,28.425438,1305.6980038001573
1713139450,2024-04-15T00:04:10Z,WUK738,6800,258,103,41.572815,28.44891,1306.7020059369988
1713139465,2024-04-15T00:04:25Z,WUK738,6550,252,99,41.568741,28.472193,1307.6927571910915
1713139471,2024-04-15T00:04:31Z,WUK738,6450,248,89,41.568329,28.481306,1308.0389468925023
1713139474,2024-04-15T00:04:34Z,WUK738,6400,246,85,41.568604,28.485613,1308.1860421516876
1713139477,2024-04-15T00:04:37Z,WUK738,6350,243,77,41.569241,28.489912,1308.3201155171857
1713139480,2024-04-15T00:04:40Z,WUK738,6300,241,72,41.570217,28.493937,1308.432296049575
1713139483,2024-04-15T00:04:43Z,WUK738,6250,238,64,41.571808,28.498785,1308.5528125527073
1713139486,2024-04-15T00:04:46Z,WUK738,6225,235,61,41.573151,28.502176,1308.6290238823249
1713139489,2024-04-15T00:04:49Z,WUK738,6200,235,59,41.575012,28.506584,1308.7240533252539
1713139493,2024-04-15T00:04:53Z,WUK738,6150,235,59,41.576706,28.510395,1308.80323496116
1713139495,2024-04-15T00:04:55Z,WUK738,6125,236,59,41.578354,28.514015,1308.8770922294452
1713139498,2024-04-15T00:04:58Z,WUK738,6075,237,59,41.579994,28.517824,1308.9581238676158
1713139501,2024-04-15T00:05:01Z,WUK738,6050,238,60,41.581623,28.52153,1309.035803822912
1713139504,2024-04-15T00:05:04Z,WUK738,6000,238,60,41.583206,28.525362,1309.1197000863758
1713139507,2024-04-15T00:05:07Z,WUK738,5950,238,61,41.584808,28.529121,1309.200282130719
1713139510,2024-04-15T00:05:10Z,WUK738,5900,238,61,41.586464,28.533155,1309.288992767682
1713139526,2024-04-15T00:05:26Z,WUK738,5675,238,63,41.594284,28.553467,1309.7540623369234
1713139541,2024-04-15T00:05:41Z,WUK738,5425,240,71,41.601269,28.573523,1310.2394116505925
1713139544,2024-04-15T00:05:44Z,WUK738,5375,241,74,41.602112,28.577623,1310.3591887975238
1713139547,2024-04-15T00:05:47Z,WUK738,5325,243,82,41.602665,28.581827,1310.4929375883419
1713139550,2024-04-15T00:05:50Z,WUK738,5275,244,88,41.602898,28.586489,1310.6546057119403
1713139553,2024-04-15T00:05:53Z,WUK738,5225,244,92,41.602852,28.590641,1310.8074869906006
1713139556,2024-04-15T00:05:56Z,WUK738,5200,244,95,41.602478,28.595976,1311.0149801457585
1713139559,2024-04-15T00:05:59Z,WUK738,5175,243,97,41.60202,28.600471,1311.194819661491
1713139562,2024-04-15T00:06:02Z,WUK738,5125,243,98,41.601563,28.604902,1311.3722950599579
1713139565,2024-04-15T00:06:05Z,WUK738,5100,244,98,41.601059,28.609398,1311.55379035797
1713139568,2024-04-15T00:06:08Z,WUK738,5050,243,98,41.600571,28.613701,1311.7276948541592
1713139571,2024-04-15T00:06:11Z,WUK738,5000,243,98,41.600056,28.618235,1311.9109660031258
1713139574,2024-04-15T00:06:14Z,WUK738,4975,243,98,41.599594,28.622942,1312.0986844595657
1713139577,2024-04-15T00:06:17Z,WUK738,4925,244,97,41.599125,28.627178,1312.269488988024
1713139580,2024-04-15T00:06:20Z,WUK738,4875,243,97,41.598801,28.630627,1312.4065319959834
1713139583,2024-04-15T00:06:23Z,WUK738,4825,242,97,41.598221,28.636364,1312.635930853628
1713139592,2024-04-15T00:06:32Z,WUK738,4675,242,96,41.597076,28.649916,1313.1699427552903
1713139601,2024-04-15T00:06:41Z,WUK738,4550,240,96,41.596008,28.663202,1313.691586685332
1713139607,2024-04-15T00:06:47Z,WUK738,4475,240,105,41.594891,28.671124,1314.019478055052
1713139610,2024-04-15T00:06:50Z,WUK738,4400,241,109,41.593681,28.676105,1314.2434499638446
1713139613,2024-04-15T00:06:53Z,WUK738,4350,242,116,41.592331,28.68,1314.432753902726
1713139616,2024-04-15T00:06:56Z,WUK738,4300,242,121,41.59053,28.683805,1314.634597747187
1713139619,2024-04-15T00:06:59Z,WUK738,4275,242,130,41.588326,28.687347,1314.8409949505735
1713139622,2024-04-15T00:07:02Z,WUK738,4225,242,137,41.585678,28.690672,1315.0550633877665
1713139625,2024-04-15T00:07:05Z,WUK738,4200,244,144,41.582928,28.693287,1315.246841673793
1713139629,2024-04-15T00:07:09Z,WUK738,4150,242,150,41.580227,28.695459,1315.42076468556
1713139633,2024-04-15T00:07:13Z,WUK738,4125,239,155,41.575943,28.698141,1315.6688337297924
1713139636,2024-04-15T00:07:16Z,WUK738,4075,238,156,41.572823,28.699993,1315.8458248696136
1713139638,2024-04-15T00:07:18Z,WUK738,4050,236,156,41.570263,28.701464,1315.9892874880559
1713139642,2024-04-15T00:07:22Z,WUK738,4025,233,156,41.566818,28.703468,1316.1832514505727
1713139645,2024-04-15T00:07:25Z,WUK738,4000,232,156,41.563934,28.705153,1316.3459093311383
1713139647,2024-04-15T00:07:27Z,WUK738,3975,231,156,41.561138,28.706764,1316.5027917760492
1713139650,2024-04-15T00:07:30Z,WUK738,3950,230,156,41.55872,28.70817,1316.6389396668785
1713139654,2024-04-15T00:07:34Z,WUK738,3925,229,155,41.554901,28.710468,1316.85680724877
1713139657,2024-04-15T00:07:37Z,WUK738,3900,228,155,41.55249,28.711895,1316.9934948916202
1713139666,2024-04-15T00:07:46Z,WUK738,3850,226,155,41.543262,28.717495,1317.5217697894916
1713139672,2024-04-15T00:07:52Z,WUK738,3825,225,163,41.537724,28.720242,1317.8164974612368
1713139675,2024-04-15T00:07:55Z,WUK738,3825,225,167,41.534683,28.721132,1317.955823876159
1713139680,2024-04-15T00:08:00Z,WUK738,3825,226,175,41.528973,28.721966,1318.1869729212808
1713139683,2024-04-15T00:08:03Z,WUK738,3825,226,176,41.526031,28.722258,1318.3010730075675
1713139686,2024-04-15T00:08:06Z,WUK738,3825,226,177,41.522781,28.722414,1318.4210667258008
1713139689,2024-04-15T00:08:09Z,WUK738,3825,226,178,41.519623,28.722569,1318.5378050638126
1713139692,2024-04-15T00:08:12Z,WUK738,3825,226,178,41.516495,28.72267,1318.6515374189414
1713139695,2024-04-15T00:08:15Z,WUK738,3825,226,178,41.513535,28.722755,1318.7587913264688
1713139698,2024-04-15T00:08:18Z,WUK738,3825,226,178,41.51033,28.722818,1318.8738816952387
1713139701,2024-04-15T00:08:21Z,WUK738,3800,224,178,41.506767,28.722925,1319.0031944328446
1713139704,2024-04-15T00:08:24Z,WUK738,3800,221,179,41.503738,28.722944,1319.1105222844317
1713139713,2024-04-15T00:08:33Z,WUK738,3775,211,178,41.495178,28.723131,1319.4187716782228
1713139722,2024-04-15T00:08:42Z,WUK738,3625,205,179,41.486435,28.723318,1319.7335930353704
1713139731,2024-04-15T00:08:51Z,WUK738,3500,202,179,41.477951,28.723499,1320.0391947051949
1713139740,2024-04-15T00:09:00Z,WUK738,3325,199,179,41.469452,28.723631,1320.343662557794
1713139750,2024-04-15T00:09:10Z,WUK738,3150,197,179,41.460709,28.723818,1320.6588631525651
1713139755,2024-04-15T00:09:15Z,WUK738,3050,196,179,41.455627,28.723942,1320.842694488722
1713139765,2024-04-15T00:09:25Z,WUK738,2875,194,179,41.447319,28.724073,1321.1407028925698
1713139774,2024-04-15T00:09:34Z,WUK738,2700,191,179,41.439125,28.724266,1321.4370582497704
1713139783,2024-04-15T00:09:43Z,WUK738,2550,188,179,41.431183,28.724442,1321.7240042716112
1713139792,2024-04-15T00:09:52Z,WUK738,2425,183,179,41.423309,28.724566,1322.006760306061
1713139801,2024-04-15T00:10:01Z,WUK738,2275,176,179,41.415665,28.724712,1322.2822891895178
1713139807,2024-04-15T00:10:07Z,WUK738,2200,171,179,41.410824,28.72484,1322.4581275088196
1713139816,2024-04-15T00:10:16Z,WUK738,2050,165,179,41.403992,28.725004,1322.7057454497658
1713139825,2024-04-15T00:10:25Z,WUK738,1950,162,178,41.397274,28.725096,1322.9467876311176
1713139834,2024-04-15T00:10:34Z,WUK738,1825,161,179,41.39048,28.725224,1323.191905687951
1713139844,2024-04-15T00:10:44Z,WUK738,1700,161,179,41.383541,28.725315,1323.4408895304518
1713139853,2024-04-15T00:10:53Z,WUK738,1550,158,178,41.376606,28.725502,1323.69330469275
1713139862,2024-04-15T00:11:02Z,WUK738,1425,152,178,41.370071,28.725647,1323.9300989232363
1713139870,2024-04-15T00:11:10Z,WUK738,1300,148,178,41.364166,28.725769,1324.143798450562
1713139880,2024-04-15T00:11:20Z,WUK738,1175,144,179,41.357845,28.725878,1324.3718319761865
1713139889,2024-04-15T00:11:29Z,WUK738,1075,143,179,41.351807,28.726013,1324.5908415504284
1713139898,2024-04-15T00:11:38Z,WUK738,975,140,179,41.346359,28.726135,1324.7885098476065
1713139904,2024-04-15T00:11:44Z,WUK738,875,138,179,41.341927,28.726189,1324.9477059540163
1713139913,2024-04-15T00:11:53Z,WUK738,775,135,178,41.336151,28.726315,1325.1572501067787
1713139922,2024-04-15T00:12:02Z,WUK738,650,131,179,41.330753,28.726501,1325.355612697301
1713139931,2024-04-15T00:12:11Z,WUK738,550,130,179,41.325306,28.726501,1325.5490007461042
1713139937,2024-04-15T00:12:17Z,WUK738,500,132,179,41.321503,28.726563,1325.6863045832895
1713139947,2024-04-15T00:12:27Z,WUK738,425,135,179,41.315781,28.726685,1325.8939815224076
1713139955,2024-04-15T00:12:35Z,WUK738,300,137,179,41.310425,28.726746,1326.0864901723892
1713139965,2024-04-15T00:12:45Z,WUK738,175,138,178,41.304123,28.726938,1326.3174321693089
1713139974,2024-04-15T00:12:54Z,WUK738,75,142,178,41.29826,28.727064,1326.5304328089965
1713139983,2024-04-15T00:13:03Z,WUK738,50,130,179,41.292347,28.727125,1326.7429061666007
1713139992,2024-04-15T00:13:12Z,WUK738,0,94,180,41.288269,28.727234,1326.8919085559871
1713139998,2024-04-15T00:13:18Z,WUK738,0,78,180,41.285526,28.727312,1326.992318259164
1713140005,2024-04-15T00:13:25Z,WUK738,0,67,180,41.283096,28.727356,1327.080368546955
1713140012,2024-04-15T00:13:32Z,WUK738,0,54,180,41.281151,28.727402,1327.1512439186279
1713140019,2024-04-15T00:13:39Z,WUK738,0,40,174,41.279743,28.727468,1327.2037434284196
1713140021,2024-04-15T00:13:41Z,WUK738,0,36,174,41.279377,28.727524,1327.2188025010141
1713140023,2024-04-15T00:13:43Z,WUK738,0,33,168,41.279057,28.727615,1327.233496815433
1713140025,2024-04-15T00:13:45Z,WUK738,0,31,163,41.278793,28.727707,1327.2462348204504
1713140027,2024-04-15T00:13:47Z,WUK738,0,29,160,41.278507,28.727844,1327.2613911891624
1713140029,2024-04-15T00:13:49Z,WUK738,0,27,157,41.278267,28.727966,1327.2743655674064
1713140031,2024-04-15T00:13:51Z,WUK738,0,26,154,41.278061,28.728104,1327.28671153389
1713140033,2024-04-15T00:13:53Z,WUK738,0,25,151,41.277832,28.728271,1327.300929957009
1713140036,2024-04-15T00:13:56Z,WUK738,0,23,151,41.277542,28.728498,1327.3194997594842
1713140039,2024-04-15T00:13:59Z,WUK738,0,21,149,41.277309,28.72867,1327.3340423872721
1713140042,2024-04-15T00:14:02Z,WUK738,0,18,149,41.277077,28.728857,1327.349094612173
1713140045,2024-04-15T00:14:05Z,WUK738,0,16,151,41.276855,28.729029,1327.3632459002579
1713140052,2024-04-15T00:14:12Z,WUK738,0,11,151,41.276505,28.729309,1327.3858774613036
1713140058,2024-04-15T00:14:18Z,WUK738,0,11,154,41.27623,28.729513,1327.4030780500898
1713140062,2024-04-15T00:14:22Z,WUK738,0,12,157,41.276024,28.729614,1327.4140799252937
1713140068,2024-04-15T00:14:28Z,WUK738,0,10,163,41.275772,28.729706,1327.426391929745
1713140073,2024-04-15T00:14:33Z,WUK738,0,10,168,41.275566,28.729752,1327.4353951894414
1713140078,2024-04-15T00:14:38Z,WUK738,0,10,177,41.275326,28.729767,1327.4444820349154
1713140083,2024-04-15T00:14:43Z,WUK738,0,9,180,41.275101,28.729778,1327.4528897444352
1713140088,2024-04-15T00:14:48Z,WUK738,0,9,180,41.274868,28.729782,1327.4613278848944
1713140095,2024-04-15T00:14:55Z,WUK738,0,9,180,41.274586,28.729794,1327.4718008445816
1713140103,2024-04-15T00:15:03Z,WUK738,0,8,180,41.27425,28.729797,1327.4838688664875
1713140109,2024-04-15T00:15:09Z,WUK738,0,9,163,41.274033,28.729889,1327.494935793515
1713140114,2024-04-15T00:15:14Z,WUK738,0,11,132,41.273884,28.730148,1327.5096512770651
1713140117,2024-04-15T00:15:17Z,WUK738,0,12,112,41.273838,28.730377,1327.5196104846898
1713140121,2024-04-15T00:15:21Z,WUK738,0,14,92,41.273842,28.730684,1327.530624599149
1713140124,2024-04-15T00:15:24Z,WUK738,0,15,90,41.273849,28.730957,1327.540296380476
1713140127,2024-04-15T00:15:27Z,WUK738,0,15,90,41.273849,28.731216,1327.549708560394
1713140130,2024-04-15T00:15:30Z,WUK738,0,16,90,41.273861,28.731537,1327.5609467572476
1713140134,2024-04-15T00:15:34Z,WUK738,0,17,90,41.273853,28.731886,1327.5739143643311
1713140136,2024-04-15T00:15:36Z,WUK738,0,17,90,41.273861,28.732101,1327.5814428651581
1713140143,2024-04-15T00:15:43Z,WUK738,0,18,90,41.273872,28.732895,1327.6099059124433
1713140150,2024-04-15T00:15:50Z,WUK738,0,19,90,41.273876,28.733727,1327.639999195358
1713140157,2024-04-15T00:15:57Z,WUK738,0,19,90,41.273884,28.734573,1327.6704590329173
1713140164,2024-04-15T00:16:04Z,WUK738,0,20,90,41.273899,28.735458,1327.7020871974735
1713140171,2024-04-15T00:16:11Z,WUK738,0,20,90,41.273911,28.736364,1327.7345854767495
1713140178,2024-04-15T00:16:18Z,WUK738,0,22,90,41.273907,28.737244,1327.7667084919235
1713140185,2024-04-15T00:16:25Z,WUK738,0,20,90,41.273926,28.738174,1327.799830188166
1713140192,2024-04-15T00:16:32Z,WUK738,0,19,90,41.27393,28.739075,1327.8324319972676
1713140198,2024-04-15T00:16:38Z,WUK738,0,21,90,41.273937,28.739813,1327.8590034130518
1713140206,2024-04-15T00:16:46Z,WUK738,0,23,90,41.273949,28.740812,1327.8948823793835
1713140212,2024-04-15T00:16:52Z,WUK738,0,24,90,41.273964,28.741837,1327.9315997024394
1713140219,2024-04-15T00:16:59Z,WUK738,0,22,90,41.273972,28.742794,1327.9660950512482
1713140227,2024-04-15T00:17:07Z,WUK738,0,20,90,41.273987,28.74382,1328.0028491515595
1713140234,2024-04-15T00:17:14Z,WUK738,0,16,90,41.273998,28.744614,1328.031314182281
1713140241,2024-04-15T00:17:21Z,WUK738,0,12,90,41.273998,28.745224,1328.053483618281
1713140246,2024-04-15T00:17:26Z,WUK738,0,11,95,41.273983,28.745571,1328.0666285977647
1713140249,2024-04-15T00:17:29Z,WUK738,0,11,112,41.273899,28.745775,1328.077031991392
1713140254,2024-04-15T00:17:34Z,WUK738,0,11,146,41.273678,28.745956,1328.091474970681
1713140259,2024-04-15T00:17:39Z,WUK738,0,11,168,41.273438,28.746002,1328.1016878239109
1713140264,2024-04-15T00:17:44Z,WUK738,0,10,177,41.273209,28.746002,1328.1098375038705
1713140269,2024-04-15T00:17:49Z,WUK738,0,10,180,41.27298,28.746008,1328.1182053306313
1713140274,2024-04-15T00:17:54Z,WUK738,0,9,180,41.272747,28.746008,1328.1264975417982
1713140282,2024-04-15T00:18:02Z,WUK738,0,9,180,41.272434,28.746008,1328.1376370069866
1713140289,2024-04-15T00:18:09Z,WUK738,0,9,180,41.272144,28.746023,1328.1485032066057
1713140296,2024-04-15T00:18:16Z,WUK738,0,9,180,41.271828,28.746023,1328.1597497575049
1713140303,2024-04-15T00:18:23Z,WUK738,0,9,180,41.271515,28.746033,1328.1712531284422
1713140310,2024-04-15T00:18:30Z,WUK738,0,9,180,41.271214,28.74604,1328.182220533548
1713140317,2024-04-15T00:18:37Z,WUK738,0,7,180,41.270958,28.74604,1328.1913320470305
1713140325,2024-04-15T00:18:45Z,WUK738,0,5,180,41.270748,28.746048,1328.1990971562036
1713140336,2024-04-15T00:18:56Z,WUK738,0,3,180,41.270542,28.746048,1328.2064292284942
1713140352,2024-04-15T00:19:12Z,WUK738,0,1,180,41.27034,28.746056,1328.2139097371166
1713140384,2024-04-15T00:19:44Z,WUK738,0,4,177,41.27013,28.746063,1328.2216387180936
1713140393,2024-04-15T00:19:53Z,WUK738,0,6,171,41.269909,28.746101,1328.2308859076459
1713140401,2024-04-15T00:20:01Z,WUK738,0,8,143,41.269711,28.746305,1328.2453472839616
1713140405,2024-04-15T00:20:05Z,WUK738,0,9,120,41.26965,28.746521,1328.255368404956
1713140409,2024-04-15T00:20:09Z,WUK738,0,10,101,41.26963,28.746758,1328.2646933595884
1713140413,2024-04-15T00:20:13Z,WUK738,0,11,92,41.269638,28.747009,1328.2735304826547
1713140416,2024-04-15T00:20:16Z,WUK738,0,12,90,41.269638,28.747238,1328.281852842116
1713140419,2024-04-15T00:20:19Z,WUK738,0,12,90,41.269642,28.747444,1328.2891969655443
1713140422,2024-04-15T00:20:22Z,WUK738,0,13,90,41.269638,28.747696,1328.2984975931004
1713140425,2024-04-15T00:20:25Z,WUK738,0,14,90,41.26965,28.747925,1328.3063928618287
1713140427,2024-04-15T00:20:27Z,WUK738,0,14,90,41.26965,28.748138,1328.3141337867476
1713140434,2024-04-15T00:20:34Z,WUK738,0,14,90,41.269665,28.748724,1328.3348965648318
1713140441,2024-04-15T00:20:41Z,WUK738,0,15,90,41.269661,28.749359,1328.358116476322
1713140448,2024-04-15T00:20:48Z,WUK738,0,15,90,41.269672,28.750061,1328.3832375431898
1713140455,2024-04-15T00:20:55Z,WUK738,0,13,90,41.269676,28.750643,1328.40424671265
1713140460,2024-04-15T00:21:00Z,WUK738,0,12,95,41.269665,28.751019,1328.41830317823
1713140463,2024-04-15T00:21:03Z,WUK738,0,13,109,41.269585,28.751221,1328.428491856028
1713140468,2024-04-15T00:21:08Z,WUK738,0,13,140,41.269386,28.751434,1328.443315834123
1713140472,2024-04-15T00:21:12Z,WUK738,0,13,163,41.26918,28.751495,1328.452864883577
1713140475,2024-04-15T00:21:15Z,WUK738,0,12,177,41.268974,28.751495,1328.4601970826288
1713140480,2024-04-15T00:21:20Z,WUK738,0,11,180,41.268723,28.751486,1328.4688039869118
1713140484,2024-04-15T00:21:24Z,WUK738,0,11,180,41.268505,28.751495,1328.476890557674
1713140489,2024-04-15T00:21:29Z,WUK738,0,10,180,41.268265,28.751495,1328.485433203106
1713140495,2024-04-15T00:21:35Z,WUK738,0,10,180,41.267963,28.751501,1328.4964008901359
1713140504,2024-04-15T00:21:44Z,WUK738,0,9,180,41.267612,28.751511,1328.5092582821194
1713140510,2024-04-15T00:21:50Z,WUK738,0,9,180,41.267349,28.751516,1328.518801704951
1713140520,2024-04-15T00:22:00Z,WUK738,0,10,180,41.26693,28.751534,1328.5343707665475
1713140526,2024-04-15T00:22:06Z,WUK738,0,10,182,41.266651,28.751516,1328.5436481757804
1713140531,2024-04-15T00:22:11Z,WUK738,0,10,185,41.266411,28.751495,1328.5514283834384
1713140536,2024-04-15T00:22:16Z,WUK738,0,10,194,41.266193,28.751419,1328.556426735525
1713140542,2024-04-15T00:22:22Z,WUK738,0,10,196,41.265976,28.751328,1328.560844456614
1713140547,2024-04-15T00:22:27Z,WUK738,0,9,196,41.265755,28.751236,1328.565368326412
1713140554,2024-04-15T00:22:34Z,WUK738,0,9,196,41.265465,28.751127,1328.5717308419132
1713140561,2024-04-15T00:22:41Z,WUK738,0,9,196,41.265182,28.751001,1328.5772265217838
1713140568,2024-04-15T00:22:48Z,WUK738,0,9,196,41.264912,28.7509,1328.5831680899887
1713140575,2024-04-15T00:22:55Z,WUK738,0,10,196,41.264603,28.750769,1328.5894080051125
1713140582,2024-04-15T00:23:02Z,WUK738,0,11,196,41.264282,28.750641,1328.596184354102
1713140589,2024-04-15T00:23:09Z,WUK738,0,8,199,41.263985,28.750519,1328.6023245034385
1713140594,2024-04-15T00:23:14Z,WUK738,0,8,227,41.26387,28.750305,1328.5986418368657
1713140598,2024-04-15T00:23:18Z,WUK738,0,9,264,41.263916,28.750097,1328.5894452652803
1713140603,2024-04-15T00:23:23Z,WUK738,0,8,286,41.263996,28.749878,1328.5786384731193
1713140610,2024-04-15T00:23:30Z,WUK738,0,5,286,41.264053,28.749603,1328.566615464782
1713140623,2024-04-15T00:23:43Z,WUK738,0,1,286,41.264111,28.749374,1328.5562285310082
1713140634,2024-04-15T00:23:54Z,WUK738,0,1,286,41.264019,28.750534,1328.6016591461448
